url,url_type,http_status,final_url,redirect_count,robots_status,x_robots_tag,meta_robots,canonical,canonical_matches_url,in_sitemap,sitemap_indexable,title,title_length,meta_description_present,h1_present,content_word_count,internal_inlinks,orphan_status,render_mode,schema_validity,indexability_status,blocking_reason,quality_flags,recommended_action,priority
"https://holiswiss.ch/fr","home","200","https://holiswiss.ch/fr","0","allowed","","index, follow","https://holiswiss.ch/fr","true","true","true","Holiswiss — Thérapeutes holistiques en Suisse","45","true","true","709","118","liée","SSR","27 types","INDEXABLE_ET_PRIORITAIRE","","","aucune","2"
"https://holiswiss.ch/fr/therapeutes","listing","200","https://holiswiss.ch/fr/therapeutes","0","allowed","","index, follow","https://holiswiss.ch/fr/therapeutes","true","true","true","Trouver un thérapeute en Suisse — Holiswiss","43","true","true","591","118","liée","SSR","39 types","INDEXABLE_ET_PRIORITAIRE","","","aucune","2"
"https://holiswiss.ch/fr/blog","article","200","https://holiswiss.ch/fr/blog","0","allowed","","index, follow","https://holiswiss.ch/fr/blog","true","true","true","Blog bien-être &amp; thérapies holistiques — Holiswiss","54","true","true","2119","118","liée","SSR","19 types","INDEXABLE_ET_PRIORITAIRE","","","aucune","2"
"https://holiswiss.ch/fr/paroles","static","200","https://holiswiss.ch/fr/paroles","0","allowed","","index, follow","https://holiswiss.ch/fr/paroles","true","true","true","Voix d&#x27;experts — Paroles de thérapeutes | Holiswiss","56","true","true","319","118","liée","SSR","10 types","INDEXABLE_ET_PRIORITAIRE","","","aucune","2"
"https://holiswiss.ch/fr/evenements","static","200","https://holiswiss.ch/fr/evenements","0","allowed","","index, follow","https://holiswiss.ch/fr/evenements","true","true","true","Événements bien-être en Suisse | HoliSwiss","42","true","true","291","118","liée","SSR","19 types","INDEXABLE_ET_PRIORITAIRE","","","aucune","2"
"https://holiswiss.ch/fr/tarifs","static","200","https://holiswiss.ch/fr/tarifs","0","allowed","","index, follow","https://holiswiss.ch/fr/tarifs","true","true","true","Tarifs Holiswiss — Plans pour thérapeutes","41","true","true","453","118","liée","SSR","19 types","INDEXABLE_ET_PRIORITAIRE","","","aucune","2"
"https://holiswiss.ch/fr/faq","static","200","https://holiswiss.ch/fr/faq","0","allowed","","index, follow","https://holiswiss.ch/fr/faq","true","true","true","FAQ — Trouver un thérapeute holistique en Suisse | Holiswiss","60","true","true","899","118","liée","SSR","48 types","INDEXABLE_ET_PRIORITAIRE","","","aucune","2"
"https://holiswiss.ch/fr/contact","static","200","https://holiswiss.ch/fr/contact","0","allowed","","index, follow","https://holiswiss.ch/fr/contact","true","true","false","Contact — Holiswiss","19","true","true","130","118","liée","SSR","12 types","A_DEDUPLIQUER_OU_CONSOLIDER","","contenu mince (130 mots) ; title dupliqué","canonicaliser ou différencier le contenu","4"
"https://holiswiss.ch/fr/impressum","static","200","https://holiswiss.ch/fr/impressum","0","allowed","","noindex, follow","https://holiswiss.ch/fr/impressum","true","true","false","Mentions légales / Impressum — Holiswiss","40","true","true","583","118","liée","SSR","10 types","NON_INDEXABLE_VOLONTAIRE","meta robots noindex","title dupliqué","retirer du sitemap et de la file","4"
"https://holiswiss.ch/fr/conditions","static","200","https://holiswiss.ch/fr/conditions","0","allowed","","noindex, follow","https://holiswiss.ch/fr/conditions","true","true","false","Conditions générales d&#x27;utilisation — Holiswiss","51","true","true","857","118","liée","SSR","10 types","NON_INDEXABLE_VOLONTAIRE","meta robots noindex","title dupliqué","retirer du sitemap et de la file","4"
"https://holiswiss.ch/fr/confidentialite","static","200","https://holiswiss.ch/fr/confidentialite","0","allowed","","noindex, follow","https://holiswiss.ch/fr/confidentialite","true","true","false","Politique de confidentialité — Holiswiss","40","true","true","580","118","liée","SSR","10 types","NON_INDEXABLE_VOLONTAIRE","meta robots noindex","title dupliqué","retirer du sitemap et de la file","4"
"https://holiswiss.ch/de","home","200","https://holiswiss.ch/de","0","allowed","","index, follow","https://holiswiss.ch/de","true","true","true","Holiswiss — Ganzheitliche Therapeuten in der Schweiz","52","true","true","661","111","liée","SSR","27 types","INDEXABLE_ET_PRIORITAIRE","","","aucune","2"
"https://holiswiss.ch/de/therapeutes","listing","200","https://holiswiss.ch/de/therapeutes","0","allowed","","index, follow","https://holiswiss.ch/de/therapeutes","true","true","true","Therapeuten in der Schweiz finden — Holiswiss","45","true","true","543","111","liée","SSR","39 types","INDEXABLE_ET_PRIORITAIRE","","","aucune","2"
"https://holiswiss.ch/de/blog","article","200","https://holiswiss.ch/de/blog","0","allowed","","index, follow","https://holiswiss.ch/de/blog","true","true","true","Blog Wohlbefinden &amp; ganzheitliche Therapien — Holiswiss","59","true","true","2153","111","liée","SSR","19 types","INDEXABLE_ET_PRIORITAIRE","","","aucune","2"
"https://holiswiss.ch/de/paroles","static","200","https://holiswiss.ch/de/paroles","0","allowed","","index, follow","https://holiswiss.ch/de/paroles","true","true","true","Expertenstimmen — Beiträge von Therapeuten | Holiswiss","54","true","true","308","111","liée","SSR","10 types","INDEXABLE_ET_PRIORITAIRE","","","aucune","2"
"https://holiswiss.ch/de/evenements","static","200","https://holiswiss.ch/de/evenements","0","allowed","","index, follow","https://holiswiss.ch/de/evenements","true","true","true","Wellness-Veranstaltungen in der Schweiz | HoliSwiss","51","true","true","258","111","liée","SSR","19 types","INDEXABLE_ET_PRIORITAIRE","","","aucune","2"
"https://holiswiss.ch/de/tarifs","static","200","https://holiswiss.ch/de/tarifs","0","allowed","","index, follow","https://holiswiss.ch/de/tarifs","true","true","true","Holiswiss Preise — Pläne für Therapeuten","40","true","true","395","111","liée","SSR","19 types","INDEXABLE_ET_PRIORITAIRE","","","aucune","2"
"https://holiswiss.ch/de/faq","static","200","https://holiswiss.ch/de/faq","0","allowed","","index, follow","https://holiswiss.ch/de/faq","true","true","true","FAQ — Therapeuten in der Schweiz finden | Holiswiss","51","true","true","754","111","liée","SSR","48 types","INDEXABLE_ET_PRIORITAIRE","","","aucune","2"
"https://holiswiss.ch/de/contact","static","200","https://holiswiss.ch/de/contact","0","allowed","","index, follow","https://holiswiss.ch/de/contact","true","true","true","Kontakt — Holiswiss","19","true","true","120","111","liée","SSR","12 types","INDEXABLE_MAIS_A_AMELIORER","","contenu mince (120 mots)","enrichir avant de pousser","3"
"https://holiswiss.ch/de/impressum","static","200","https://holiswiss.ch/de/impressum","0","allowed","","noindex, follow","https://holiswiss.ch/de/impressum","true","true","false","Mentions légales / Impressum — Holiswiss","40","true","true","573","111","liée","SSR","10 types","NON_INDEXABLE_VOLONTAIRE","meta robots noindex","title dupliqué","retirer du sitemap et de la file","4"
"https://holiswiss.ch/de/conditions","static","200","https://holiswiss.ch/de/conditions","0","allowed","","noindex, follow","https://holiswiss.ch/de/conditions","true","true","false","Conditions générales d&#x27;utilisation — Holiswiss","51","true","true","847","111","liée","SSR","10 types","NON_INDEXABLE_VOLONTAIRE","meta robots noindex","title dupliqué","retirer du sitemap et de la file","4"
"https://holiswiss.ch/de/confidentialite","static","200","https://holiswiss.ch/de/confidentialite","0","allowed","","noindex, follow","https://holiswiss.ch/de/confidentialite","true","true","false","Politique de confidentialité — Holiswiss","40","true","true","570","111","liée","SSR","10 types","NON_INDEXABLE_VOLONTAIRE","meta robots noindex","title dupliqué","retirer du sitemap et de la file","4"
"https://holiswiss.ch/it","home","200","https://holiswiss.ch/it","0","allowed","","index, follow","https://holiswiss.ch/it","true","true","true","Holiswiss — Terapeuti olistici in Svizzera","42","true","true","679","107","liée","SSR","27 types","INDEXABLE_ET_PRIORITAIRE","","","aucune","2"
"https://holiswiss.ch/it/therapeutes","listing","200","https://holiswiss.ch/it/therapeutes","0","allowed","","index, follow","https://holiswiss.ch/it/therapeutes","true","true","true","Trovare un terapeuta in Svizzera — Holiswiss","44","true","true","557","107","liée","SSR","39 types","INDEXABLE_ET_PRIORITAIRE","","","aucune","2"
"https://holiswiss.ch/it/blog","article","200","https://holiswiss.ch/it/blog","0","allowed","","index, follow","https://holiswiss.ch/it/blog","true","true","true","Blog benessere &amp; terapie olistiche — Holiswiss","50","true","true","2232","107","liée","SSR","19 types","INDEXABLE_ET_PRIORITAIRE","","","aucune","2"
"https://holiswiss.ch/it/paroles","static","200","https://holiswiss.ch/it/paroles","0","allowed","","index, follow","https://holiswiss.ch/it/paroles","true","true","true","Voci di esperti — Contributi dei terapisti | Holiswiss","54","true","true","318","107","liée","SSR","10 types","INDEXABLE_ET_PRIORITAIRE","","","aucune","2"
"https://holiswiss.ch/it/evenements","static","200","https://holiswiss.ch/it/evenements","0","allowed","","index, follow","https://holiswiss.ch/it/evenements","true","true","true","Eventi benessere in Svizzera | HoliSwiss","40","true","true","265","107","liée","SSR","19 types","INDEXABLE_ET_PRIORITAIRE","","","aucune","2"
"https://holiswiss.ch/it/tarifs","static","200","https://holiswiss.ch/it/tarifs","0","allowed","","index, follow","https://holiswiss.ch/it/tarifs","true","true","true","Prezzi Holiswiss — Piani per terapeuti","38","true","true","427","107","liée","SSR","19 types","INDEXABLE_ET_PRIORITAIRE","","","aucune","2"
"https://holiswiss.ch/it/faq","static","200","https://holiswiss.ch/it/faq","0","allowed","","index, follow","https://holiswiss.ch/it/faq","true","true","true","FAQ — Trovare un terapeuta olistico in Svizzera | Holiswiss","59","true","true","777","107","liée","SSR","48 types","INDEXABLE_ET_PRIORITAIRE","","","aucune","2"
"https://holiswiss.ch/it/contact","static","200","https://holiswiss.ch/it/contact","0","allowed","","index, follow","https://holiswiss.ch/it/contact","true","true","true","Contatto — Holiswiss","20","true","true","128","107","liée","SSR","12 types","INDEXABLE_MAIS_A_AMELIORER","","contenu mince (128 mots)","enrichir avant de pousser","3"
"https://holiswiss.ch/it/impressum","static","200","https://holiswiss.ch/it/impressum","0","allowed","","noindex, follow","https://holiswiss.ch/it/impressum","true","true","false","Mentions légales / Impressum — Holiswiss","40","true","true","581","107","liée","SSR","10 types","NON_INDEXABLE_VOLONTAIRE","meta robots noindex","title dupliqué","retirer du sitemap et de la file","4"
"https://holiswiss.ch/it/conditions","static","200","https://holiswiss.ch/it/conditions","0","allowed","","noindex, follow","https://holiswiss.ch/it/conditions","true","true","false","Conditions générales d&#x27;utilisation — Holiswiss","51","true","true","855","107","liée","SSR","10 types","NON_INDEXABLE_VOLONTAIRE","meta robots noindex","title dupliqué","retirer du sitemap et de la file","4"
"https://holiswiss.ch/it/confidentialite","static","200","https://holiswiss.ch/it/confidentialite","0","allowed","","noindex, follow","https://holiswiss.ch/it/confidentialite","true","true","false","Politique de confidentialité — Holiswiss","40","true","true","578","107","liée","SSR","10 types","NON_INDEXABLE_VOLONTAIRE","meta robots noindex","title dupliqué","retirer du sitemap et de la file","4"
"https://holiswiss.ch/en","home","200","https://holiswiss.ch/en","0","allowed","","index, follow","https://holiswiss.ch/en","true","true","true","Holiswiss — Holistic therapists across Switzerland","50","true","true","657","107","liée","SSR","27 types","INDEXABLE_ET_PRIORITAIRE","","","aucune","2"
"https://holiswiss.ch/en/therapeutes","listing","200","https://holiswiss.ch/en/therapeutes","0","allowed","","index, follow","https://holiswiss.ch/en/therapeutes","true","true","true","Find a therapist in Switzerland — Holiswiss","43","true","true","535","107","liée","SSR","39 types","INDEXABLE_ET_PRIORITAIRE","","","aucune","2"
"https://holiswiss.ch/en/blog","article","200","https://holiswiss.ch/en/blog","0","allowed","","index, follow","https://holiswiss.ch/en/blog","true","true","true","Wellness &amp; holistic therapies blog — Holiswiss","50","true","true","2125","107","liée","SSR","19 types","INDEXABLE_ET_PRIORITAIRE","","","aucune","2"
"https://holiswiss.ch/en/paroles","static","200","https://holiswiss.ch/en/paroles","0","allowed","","index, follow","https://holiswiss.ch/en/paroles","true","true","true","Expert voices — Articles by therapists | Holiswiss","50","true","true","313","107","liée","SSR","10 types","INDEXABLE_ET_PRIORITAIRE","","","aucune","2"
"https://holiswiss.ch/en/evenements","static","200","https://holiswiss.ch/en/evenements","0","allowed","","index, follow","https://holiswiss.ch/en/evenements","true","true","true","Wellness events in Switzerland | HoliSwiss","42","true","true","261","107","liée","SSR","19 types","INDEXABLE_ET_PRIORITAIRE","","","aucune","2"
"https://holiswiss.ch/en/tarifs","static","200","https://holiswiss.ch/en/tarifs","0","allowed","","index, follow","https://holiswiss.ch/en/tarifs","true","true","true","Holiswiss Pricing — Plans for therapists","40","true","true","411","107","liée","SSR","19 types","INDEXABLE_ET_PRIORITAIRE","","","aucune","2"
"https://holiswiss.ch/en/faq","static","200","https://holiswiss.ch/en/faq","0","allowed","","index, follow","https://holiswiss.ch/en/faq","true","true","true","FAQ — Find a holistic therapist in Switzerland | Holiswiss","58","true","true","755","107","liée","SSR","48 types","INDEXABLE_ET_PRIORITAIRE","","","aucune","2"
"https://holiswiss.ch/en/contact","static","200","https://holiswiss.ch/en/contact","0","allowed","","index, follow","https://holiswiss.ch/en/contact","true","true","false","Contact — Holiswiss","19","true","true","124","107","liée","SSR","12 types","A_DEDUPLIQUER_OU_CONSOLIDER","","contenu mince (124 mots) ; title dupliqué","canonicaliser ou différencier le contenu","4"
"https://holiswiss.ch/en/impressum","static","200","https://holiswiss.ch/en/impressum","0","allowed","","noindex, follow","https://holiswiss.ch/en/impressum","true","true","false","Mentions légales / Impressum — Holiswiss","40","true","true","577","107","liée","SSR","10 types","NON_INDEXABLE_VOLONTAIRE","meta robots noindex","title dupliqué","retirer du sitemap et de la file","4"
"https://holiswiss.ch/en/conditions","static","200","https://holiswiss.ch/en/conditions","0","allowed","","noindex, follow","https://holiswiss.ch/en/conditions","true","true","false","Conditions générales d&#x27;utilisation — Holiswiss","51","true","true","851","107","liée","SSR","10 types","NON_INDEXABLE_VOLONTAIRE","meta robots noindex","title dupliqué","retirer du sitemap et de la file","4"
"https://holiswiss.ch/en/confidentialite","static","200","https://holiswiss.ch/en/confidentialite","0","allowed","","noindex, follow","https://holiswiss.ch/en/confidentialite","true","true","false","Politique de confidentialité — Holiswiss","40","true","true","574","107","liée","SSR","10 types","NON_INDEXABLE_VOLONTAIRE","meta robots noindex","title dupliqué","retirer du sitemap et de la file","4"
"https://holiswiss.ch/fr/therapeutes/famille/developpement-personnel","listing","200","https://holiswiss.ch/fr/therapeutes/famille/developpement-personnel","0","allowed","","index, follow","https://holiswiss.ch/fr/therapeutes/famille/developpement-personnel","true","true","true","Développement personnel &amp; expression — Thérapeutes en Suisse | Holiswiss","76","true","true","195","2","liée","SSR","10 types","INDEXABLE_MAIS_A_AMELIORER","","contenu mince (195 mots) ; title 76 car.","enrichir avant de pousser","3"
"https://holiswiss.ch/de/therapeutes/famille/developpement-personnel","listing","200","https://holiswiss.ch/de/therapeutes/famille/developpement-personnel","0","allowed","","index, follow","https://holiswiss.ch/de/therapeutes/famille/developpement-personnel","true","true","true","Persönliche Entwicklung — Therapeuten in der Schweiz | Holiswiss","64","true","true","192","2","liée","SSR","10 types","INDEXABLE_MAIS_A_AMELIORER","","contenu mince (192 mots)","enrichir avant de pousser","3"
"https://holiswiss.ch/it/therapeutes/famille/developpement-personnel","listing","200","https://holiswiss.ch/it/therapeutes/famille/developpement-personnel","0","allowed","","index, follow","https://holiswiss.ch/it/therapeutes/famille/developpement-personnel","true","true","true","Sviluppo personale — Terapeuti in Svizzera | Holiswiss","54","true","true","190","2","liée","SSR","10 types","INDEXABLE_MAIS_A_AMELIORER","","contenu mince (190 mots)","enrichir avant de pousser","3"
"https://holiswiss.ch/en/therapeutes/famille/developpement-personnel","listing","200","https://holiswiss.ch/en/therapeutes/famille/developpement-personnel","0","allowed","","index, follow","https://holiswiss.ch/en/therapeutes/famille/developpement-personnel","true","true","true","Personal growth — Therapists in Switzerland | Holiswiss","55","true","true","187","2","liée","SSR","10 types","INDEXABLE_MAIS_A_AMELIORER","","contenu mince (187 mots)","enrichir avant de pousser","3"
"https://holiswiss.ch/fr/therapeutes/famille/therapies-psychocorporelles","listing","200","https://holiswiss.ch/fr/therapeutes/famille/therapies-psychocorporelles","0","allowed","","index, follow","https://holiswiss.ch/fr/therapeutes/famille/therapies-psychocorporelles","true","true","true","Thérapies psychocorporelles — Thérapeutes en Suisse | Holiswiss","63","true","true","197","2","liée","SSR","10 types","INDEXABLE_MAIS_A_AMELIORER","","contenu mince (197 mots)","enrichir avant de pousser","3"
"https://holiswiss.ch/de/therapeutes/famille/therapies-psychocorporelles","listing","200","https://holiswiss.ch/de/therapeutes/famille/therapies-psychocorporelles","0","allowed","","index, follow","https://holiswiss.ch/de/therapeutes/famille/therapies-psychocorporelles","true","true","true","Körperorientierte Psychotherapien — Therapeuten in der Schweiz | Holiswiss","74","true","true","188","2","liée","SSR","10 types","INDEXABLE_MAIS_A_AMELIORER","","contenu mince (188 mots) ; title 74 car.","enrichir avant de pousser","3"
"https://holiswiss.ch/it/therapeutes/famille/therapies-psychocorporelles","listing","200","https://holiswiss.ch/it/therapeutes/famille/therapies-psychocorporelles","0","allowed","","index, follow","https://holiswiss.ch/it/therapeutes/famille/therapies-psychocorporelles","true","true","true","Terapie psico-corporee — Terapeuti in Svizzera | Holiswiss","58","true","true","195","2","liée","SSR","10 types","INDEXABLE_MAIS_A_AMELIORER","","contenu mince (195 mots)","enrichir avant de pousser","3"
"https://holiswiss.ch/en/therapeutes/famille/therapies-psychocorporelles","listing","200","https://holiswiss.ch/en/therapeutes/famille/therapies-psychocorporelles","0","allowed","","index, follow","https://holiswiss.ch/en/therapeutes/famille/therapies-psychocorporelles","true","true","true","Mind-body therapies — Therapists in Switzerland | Holiswiss","59","true","true","191","2","liée","SSR","10 types","INDEXABLE_MAIS_A_AMELIORER","","contenu mince (191 mots)","enrichir avant de pousser","3"
"https://holiswiss.ch/fr/therapeutes/famille/medecines-naturelles","listing","200","https://holiswiss.ch/fr/therapeutes/famille/medecines-naturelles","0","allowed","","index, follow","https://holiswiss.ch/fr/therapeutes/famille/medecines-naturelles","true","true","true","Médecines naturelles — Thérapeutes en Suisse | Holiswiss","56","true","true","190","4","liée","SSR","10 types","INDEXABLE_MAIS_A_AMELIORER","","contenu mince (190 mots)","enrichir avant de pousser","3"
"https://holiswiss.ch/de/therapeutes/famille/medecines-naturelles","listing","200","https://holiswiss.ch/de/therapeutes/famille/medecines-naturelles","0","allowed","","index, follow","https://holiswiss.ch/de/therapeutes/famille/medecines-naturelles","true","true","true","Naturheilkunde — Therapeuten in der Schweiz | Holiswiss","55","true","true","176","4","liée","SSR","10 types","INDEXABLE_MAIS_A_AMELIORER","","contenu mince (176 mots)","enrichir avant de pousser","3"
"https://holiswiss.ch/it/therapeutes/famille/medecines-naturelles","listing","200","https://holiswiss.ch/it/therapeutes/famille/medecines-naturelles","0","allowed","","index, follow","https://holiswiss.ch/it/therapeutes/famille/medecines-naturelles","true","true","true","Medicine naturali — Terapeuti in Svizzera | Holiswiss","53","true","true","188","4","liée","SSR","10 types","INDEXABLE_MAIS_A_AMELIORER","","contenu mince (188 mots)","enrichir avant de pousser","3"
"https://holiswiss.ch/en/therapeutes/famille/medecines-naturelles","listing","200","https://holiswiss.ch/en/therapeutes/famille/medecines-naturelles","0","allowed","","index, follow","https://holiswiss.ch/en/therapeutes/famille/medecines-naturelles","true","true","true","Natural medicine — Therapists in Switzerland | Holiswiss","56","true","true","183","4","liée","SSR","10 types","INDEXABLE_MAIS_A_AMELIORER","","contenu mince (183 mots)","enrichir avant de pousser","3"
"https://holiswiss.ch/fr/therapeutes/famille/corps-et-energie","listing","200","https://holiswiss.ch/fr/therapeutes/famille/corps-et-energie","0","allowed","","index, follow","https://holiswiss.ch/fr/therapeutes/famille/corps-et-energie","true","true","true","Corps et énergie — Thérapeutes en Suisse | Holiswiss","52","true","true","199","9","liée","SSR","10 types","INDEXABLE_MAIS_A_AMELIORER","","contenu mince (199 mots)","enrichir avant de pousser","3"
"https://holiswiss.ch/de/therapeutes/famille/corps-et-energie","listing","200","https://holiswiss.ch/de/therapeutes/famille/corps-et-energie","0","allowed","","index, follow","https://holiswiss.ch/de/therapeutes/famille/corps-et-energie","true","true","true","Körper und Energie — Therapeuten in der Schweiz | Holiswiss","59","true","true","199","9","liée","SSR","10 types","INDEXABLE_MAIS_A_AMELIORER","","contenu mince (199 mots)","enrichir avant de pousser","3"
"https://holiswiss.ch/it/therapeutes/famille/corps-et-energie","listing","200","https://holiswiss.ch/it/therapeutes/famille/corps-et-energie","0","allowed","","index, follow","https://holiswiss.ch/it/therapeutes/famille/corps-et-energie","true","true","true","Corpo ed energia — Terapeuti in Svizzera | Holiswiss","52","true","true","197","9","liée","SSR","10 types","INDEXABLE_MAIS_A_AMELIORER","","contenu mince (197 mots)","enrichir avant de pousser","3"
"https://holiswiss.ch/en/therapeutes/famille/corps-et-energie","listing","200","https://holiswiss.ch/en/therapeutes/famille/corps-et-energie","0","allowed","","index, follow","https://holiswiss.ch/en/therapeutes/famille/corps-et-energie","true","true","true","Body and energy — Therapists in Switzerland | Holiswiss","55","true","true","199","9","liée","SSR","10 types","INDEXABLE_MAIS_A_AMELIORER","","contenu mince (199 mots)","enrichir avant de pousser","3"
"https://holiswiss.ch/fr/specialites/hypnose","specialty","200","https://holiswiss.ch/fr/specialites/hypnose","0","allowed","","index, follow","https://holiswiss.ch/fr/specialites/hypnose","true","true","true","Hypnose en Suisse — Thérapeutes certifiés | Holiswiss","53","true","true","175","2","liée","SSR","14 types","INDEXABLE_MAIS_A_AMELIORER","","contenu mince (175 mots)","enrichir avant de pousser","3"
"https://holiswiss.ch/de/specialites/hypnose","specialty","200","https://holiswiss.ch/de/specialites/hypnose","0","allowed","","index, follow","https://holiswiss.ch/de/specialites/hypnose","true","true","true","Hypnose in der Schweiz — Zertifizierte Therapeuten | Holiswiss","62","true","true","165","2","liée","SSR","14 types","INDEXABLE_MAIS_A_AMELIORER","","contenu mince (165 mots)","enrichir avant de pousser","3"
"https://holiswiss.ch/it/specialites/ipnosi","specialty","200","https://holiswiss.ch/it/specialites/ipnosi","0","allowed","","index, follow","https://holiswiss.ch/it/specialites/ipnosi","true","true","true","Ipnosi in Svizzera — Terapeuti certificati | Holiswiss","54","true","true","172","2","liée","SSR","14 types","INDEXABLE_MAIS_A_AMELIORER","","contenu mince (172 mots)","enrichir avant de pousser","3"
"https://holiswiss.ch/en/specialites/hypnosis","specialty","200","https://holiswiss.ch/en/specialites/hypnosis","0","allowed","","index, follow","https://holiswiss.ch/en/specialites/hypnosis","true","true","true","Hypnosis in Switzerland — Certified therapists | Holiswiss","58","true","true","169","2","liée","SSR","14 types","INDEXABLE_MAIS_A_AMELIORER","","contenu mince (169 mots)","enrichir avant de pousser","3"
"https://holiswiss.ch/fr/specialites/accompagnement-psy","specialty","200","https://holiswiss.ch/fr/specialites/accompagnement-psy","0","allowed","","index, follow","https://holiswiss.ch/fr/specialites/accompagnement-psy","true","true","true","Accompagnement psy en Suisse — Thérapeutes certifiés | Holiswiss","64","true","true","179","2","liée","SSR","14 types","INDEXABLE_MAIS_A_AMELIORER","","contenu mince (179 mots)","enrichir avant de pousser","3"
"https://holiswiss.ch/de/specialites/psychologische-begleitung","specialty","200","https://holiswiss.ch/de/specialites/psychologische-begleitung","0","allowed","","index, follow","https://holiswiss.ch/de/specialites/psychologische-begleitung","true","true","true","Psychologische Begleitung in der Schweiz — Zertifizierte Therapeuten | Holiswiss","80","true","true","174","2","liée","SSR","14 types","INDEXABLE_MAIS_A_AMELIORER","","contenu mince (174 mots) ; title 80 car.","enrichir avant de pousser","3"
"https://holiswiss.ch/it/specialites/accompagnamento-psicologico","specialty","200","https://holiswiss.ch/it/specialites/accompagnamento-psicologico","0","allowed","","index, follow","https://holiswiss.ch/it/specialites/accompagnamento-psicologico","true","true","true","Accompagnamento psicologico in Svizzera — Terapeuti certificati | Holiswiss","75","true","true","181","2","liée","SSR","14 types","INDEXABLE_MAIS_A_AMELIORER","","contenu mince (181 mots) ; title 75 car.","enrichir avant de pousser","3"
"https://holiswiss.ch/en/specialites/psychological-support","specialty","200","https://holiswiss.ch/en/specialites/psychological-support","0","allowed","","index, follow","https://holiswiss.ch/en/specialites/psychological-support","true","true","true","Psychological support in Switzerland — Certified therapists | Holiswiss","71","true","true","176","2","liée","SSR","14 types","INDEXABLE_MAIS_A_AMELIORER","","contenu mince (176 mots) ; title 71 car.","enrichir avant de pousser","3"
"https://holiswiss.ch/fr/specialites/breathwork","specialty","200","https://holiswiss.ch/fr/specialites/breathwork","0","allowed","","index, follow","https://holiswiss.ch/fr/specialites/breathwork","true","true","true","Breathwork en Suisse — Thérapeutes certifiés | Holiswiss","56","true","true","164","2","liée","SSR","14 types","INDEXABLE_MAIS_A_AMELIORER","","contenu mince (164 mots)","enrichir avant de pousser","3"
"https://holiswiss.ch/de/specialites/atemarbeit","specialty","200","https://holiswiss.ch/de/specialites/atemarbeit","0","allowed","","index, follow","https://holiswiss.ch/de/specialites/atemarbeit","true","true","true","Atemarbeit in der Schweiz — Zertifizierte Therapeuten | Holiswiss","65","true","true","152","2","liée","SSR","14 types","INDEXABLE_MAIS_A_AMELIORER","","contenu mince (152 mots)","enrichir avant de pousser","3"
"https://holiswiss.ch/it/specialites/breathwork","specialty","200","https://holiswiss.ch/it/specialites/breathwork","0","allowed","","index, follow","https://holiswiss.ch/it/specialites/breathwork","true","true","true","Breathwork in Svizzera — Terapeuti certificati | Holiswiss","58","true","true","161","2","liée","SSR","14 types","INDEXABLE_MAIS_A_AMELIORER","","contenu mince (161 mots)","enrichir avant de pousser","3"
"https://holiswiss.ch/en/specialites/breathwork","specialty","200","https://holiswiss.ch/en/specialites/breathwork","0","allowed","","index, follow","https://holiswiss.ch/en/specialites/breathwork","true","true","true","Breathwork in Switzerland — Certified therapists | Holiswiss","60","true","true","162","2","liée","SSR","14 types","INDEXABLE_MAIS_A_AMELIORER","","contenu mince (162 mots)","enrichir avant de pousser","3"
"https://holiswiss.ch/fr/specialites/coaching-de-vie","specialty","200","https://holiswiss.ch/fr/specialites/coaching-de-vie","0","allowed","","index, follow","https://holiswiss.ch/fr/specialites/coaching-de-vie","true","true","true","Coaching de vie en Suisse — Thérapeutes certifiés | Holiswiss","61","true","true","184","2","liée","SSR","14 types","INDEXABLE_MAIS_A_AMELIORER","","contenu mince (184 mots)","enrichir avant de pousser","3"
"https://holiswiss.ch/de/specialites/life-coaching","specialty","200","https://holiswiss.ch/de/specialites/life-coaching","0","allowed","","index, follow","https://holiswiss.ch/de/specialites/life-coaching","true","true","true","Life Coaching in der Schweiz — Zertifizierte Therapeuten | Holiswiss","68","true","true","181","2","liée","SSR","14 types","INDEXABLE_MAIS_A_AMELIORER","","contenu mince (181 mots) ; title 68 car.","enrichir avant de pousser","3"
"https://holiswiss.ch/it/specialites/coaching-di-vita","specialty","200","https://holiswiss.ch/it/specialites/coaching-di-vita","0","allowed","","index, follow","https://holiswiss.ch/it/specialites/coaching-di-vita","true","true","true","Coaching di vita in Svizzera — Terapeuti certificati | Holiswiss","64","true","true","190","2","liée","SSR","14 types","INDEXABLE_MAIS_A_AMELIORER","","contenu mince (190 mots)","enrichir avant de pousser","3"
"https://holiswiss.ch/en/specialites/life-coaching","specialty","200","https://holiswiss.ch/en/specialites/life-coaching","0","allowed","","index, follow","https://holiswiss.ch/en/specialites/life-coaching","true","true","true","Life coaching in Switzerland — Certified therapists | Holiswiss","63","true","true","182","2","liée","SSR","14 types","INDEXABLE_MAIS_A_AMELIORER","","contenu mince (182 mots)","enrichir avant de pousser","3"
"https://holiswiss.ch/fr/specialites/reiki","specialty","200","https://holiswiss.ch/fr/specialites/reiki","0","allowed","","index, follow","https://holiswiss.ch/fr/specialites/reiki","true","true","true","Reiki en Suisse — Thérapeutes certifiés | Holiswiss","51","true","true","166","9","liée","SSR","14 types","INDEXABLE_MAIS_A_AMELIORER","","contenu mince (166 mots)","enrichir avant de pousser","3"
"https://holiswiss.ch/de/specialites/reiki","specialty","200","https://holiswiss.ch/de/specialites/reiki","0","allowed","","index, follow","https://holiswiss.ch/de/specialites/reiki","true","true","true","Reiki in der Schweiz — Zertifizierte Therapeuten | Holiswiss","60","true","true","160","9","liée","SSR","14 types","INDEXABLE_MAIS_A_AMELIORER","","contenu mince (160 mots)","enrichir avant de pousser","3"
"https://holiswiss.ch/it/specialites/reiki","specialty","200","https://holiswiss.ch/it/specialites/reiki","0","allowed","","index, follow","https://holiswiss.ch/it/specialites/reiki","true","true","true","Reiki in Svizzera — Terapeuti certificati | Holiswiss","53","true","true","170","9","liée","SSR","14 types","INDEXABLE_MAIS_A_AMELIORER","","contenu mince (170 mots)","enrichir avant de pousser","3"
"https://holiswiss.ch/en/specialites/reiki","specialty","200","https://holiswiss.ch/en/specialites/reiki","0","allowed","","index, follow","https://holiswiss.ch/en/specialites/reiki","true","true","true","Reiki in Switzerland — Certified therapists | Holiswiss","55","true","true","170","9","liée","SSR","14 types","INDEXABLE_MAIS_A_AMELIORER","","contenu mince (170 mots)","enrichir avant de pousser","3"
"https://holiswiss.ch/fr/specialites/magnetisme","specialty","200","https://holiswiss.ch/fr/specialites/magnetisme","0","allowed","","index, follow","https://holiswiss.ch/fr/specialites/magnetisme","true","true","true","Magnétisme en Suisse — Thérapeutes certifiés | Holiswiss","56","true","true","176","9","liée","SSR","14 types","INDEXABLE_MAIS_A_AMELIORER","","contenu mince (176 mots)","enrichir avant de pousser","3"
"https://holiswiss.ch/de/specialites/magnetismus","specialty","200","https://holiswiss.ch/de/specialites/magnetismus","0","allowed","","index, follow","https://holiswiss.ch/de/specialites/magnetismus","true","true","true","Magnetismus in der Schweiz — Zertifizierte Therapeuten | Holiswiss","66","true","true","165","9","liée","SSR","14 types","INDEXABLE_MAIS_A_AMELIORER","","contenu mince (165 mots) ; title 66 car.","enrichir avant de pousser","3"
"https://holiswiss.ch/it/specialites/magnetismo","specialty","200","https://holiswiss.ch/it/specialites/magnetismo","0","allowed","","index, follow","https://holiswiss.ch/it/specialites/magnetismo","true","true","true","Magnetismo in Svizzera — Terapeuti certificati | Holiswiss","58","true","true","176","9","liée","SSR","14 types","INDEXABLE_MAIS_A_AMELIORER","","contenu mince (176 mots)","enrichir avant de pousser","3"
"https://holiswiss.ch/en/specialites/magnetism-healing","specialty","200","https://holiswiss.ch/en/specialites/magnetism-healing","0","allowed","","index, follow","https://holiswiss.ch/en/specialites/magnetism-healing","true","true","true","Magnetism healing in Switzerland — Certified therapists | Holiswiss","67","true","true","181","9","liée","SSR","14 types","INDEXABLE_MAIS_A_AMELIORER","","contenu mince (181 mots) ; title 67 car.","enrichir avant de pousser","3"
"https://holiswiss.ch/fr/specialites/massage-bien-etre","specialty","200","https://holiswiss.ch/fr/specialites/massage-bien-etre","0","allowed","","index, follow","https://holiswiss.ch/fr/specialites/massage-bien-etre","true","true","true","Massage bien-être en Suisse — Thérapeutes certifiés | Holiswiss","63","true","true","171","9","liée","SSR","14 types","INDEXABLE_MAIS_A_AMELIORER","","contenu mince (171 mots)","enrichir avant de pousser","3"
"https://holiswiss.ch/de/specialites/wellness-massage","specialty","200","https://holiswiss.ch/de/specialites/wellness-massage","0","allowed","","index, follow","https://holiswiss.ch/de/specialites/wellness-massage","true","true","true","Wellness-Massage in der Schweiz — Zertifizierte Therapeuten | Holiswiss","71","true","true","159","9","liée","SSR","14 types","INDEXABLE_MAIS_A_AMELIORER","","contenu mince (159 mots) ; title 71 car.","enrichir avant de pousser","3"
"https://holiswiss.ch/it/specialites/massaggio-benessere","specialty","200","https://holiswiss.ch/it/specialites/massaggio-benessere","0","allowed","","index, follow","https://holiswiss.ch/it/specialites/massaggio-benessere","true","true","true","Massaggio benessere in Svizzera — Terapeuti certificati | Holiswiss","67","true","true","169","9","liée","SSR","14 types","INDEXABLE_MAIS_A_AMELIORER","","contenu mince (169 mots) ; title 67 car.","enrichir avant de pousser","3"
"https://holiswiss.ch/en/specialites/wellness-massage","specialty","200","https://holiswiss.ch/en/specialites/wellness-massage","0","allowed","","index, follow","https://holiswiss.ch/en/specialites/wellness-massage","true","true","true","Wellness massage in Switzerland — Certified therapists | Holiswiss","66","true","true","165","9","liée","SSR","14 types","INDEXABLE_MAIS_A_AMELIORER","","contenu mince (165 mots) ; title 66 car.","enrichir avant de pousser","3"
"https://holiswiss.ch/fr/specialites/medecine-chinoise","specialty","200","https://holiswiss.ch/fr/specialites/medecine-chinoise","0","allowed","","index, follow","https://holiswiss.ch/fr/specialites/medecine-chinoise","true","true","true","Médecine chinoise en Suisse — Thérapeutes certifiés | Holiswiss","63","true","true","165","4","liée","SSR","14 types","INDEXABLE_MAIS_A_AMELIORER","","contenu mince (165 mots)","enrichir avant de pousser","3"
"https://holiswiss.ch/de/specialites/chinesische-medizin","specialty","200","https://holiswiss.ch/de/specialites/chinesische-medizin","0","allowed","","index, follow","https://holiswiss.ch/de/specialites/chinesische-medizin","true","true","true","Chinesische Medizin in der Schweiz — Zertifizierte Therapeuten | Holiswiss","74","true","true","159","4","liée","SSR","14 types","INDEXABLE_MAIS_A_AMELIORER","","contenu mince (159 mots) ; title 74 car.","enrichir avant de pousser","3"
"https://holiswiss.ch/it/specialites/medicina-cinese","specialty","200","https://holiswiss.ch/it/specialites/medicina-cinese","0","allowed","","index, follow","https://holiswiss.ch/it/specialites/medicina-cinese","true","true","true","Medicina cinese in Svizzera — Terapeuti certificati | Holiswiss","63","true","true","168","4","liée","SSR","14 types","INDEXABLE_MAIS_A_AMELIORER","","contenu mince (168 mots)","enrichir avant de pousser","3"
"https://holiswiss.ch/en/specialites/chinese-medicine","specialty","200","https://holiswiss.ch/en/specialites/chinese-medicine","0","allowed","","index, follow","https://holiswiss.ch/en/specialites/chinese-medicine","true","true","true","Chinese medicine in Switzerland — Certified therapists | Holiswiss","66","true","true","163","4","liée","SSR","14 types","INDEXABLE_MAIS_A_AMELIORER","","contenu mince (163 mots) ; title 66 car.","enrichir avant de pousser","3"
"https://holiswiss.ch/fr/specialites/shiatsu","specialty","200","https://holiswiss.ch/fr/specialites/shiatsu","0","allowed","","index, follow","https://holiswiss.ch/fr/specialites/shiatsu","true","true","true","Shiatsu en Suisse — Thérapeutes certifiés | Holiswiss","53","true","true","168","9","liée","SSR","14 types","INDEXABLE_MAIS_A_AMELIORER","","contenu mince (168 mots)","enrichir avant de pousser","3"
"https://holiswiss.ch/de/specialites/shiatsu","specialty","200","https://holiswiss.ch/de/specialites/shiatsu","0","allowed","","index, follow","https://holiswiss.ch/de/specialites/shiatsu","true","true","true","Shiatsu in der Schweiz — Zertifizierte Therapeuten | Holiswiss","62","true","true","156","9","liée","SSR","14 types","INDEXABLE_MAIS_A_AMELIORER","","contenu mince (156 mots)","enrichir avant de pousser","3"
"https://holiswiss.ch/it/specialites/shiatsu","specialty","200","https://holiswiss.ch/it/specialites/shiatsu","0","allowed","","index, follow","https://holiswiss.ch/it/specialites/shiatsu","true","true","true","Shiatsu in Svizzera — Terapeuti certificati | Holiswiss","55","true","true","167","9","liée","SSR","14 types","INDEXABLE_MAIS_A_AMELIORER","","contenu mince (167 mots)","enrichir avant de pousser","3"
"https://holiswiss.ch/en/specialites/shiatsu","specialty","200","https://holiswiss.ch/en/specialites/shiatsu","0","allowed","","index, follow","https://holiswiss.ch/en/specialites/shiatsu","true","true","true","Shiatsu in Switzerland — Certified therapists | Holiswiss","57","true","true","168","9","liée","SSR","14 types","INDEXABLE_MAIS_A_AMELIORER","","contenu mince (168 mots)","enrichir avant de pousser","3"
"https://holiswiss.ch/fr/specialites/lithotherapie","specialty","200","https://holiswiss.ch/fr/specialites/lithotherapie","0","allowed","","index, follow","https://holiswiss.ch/fr/specialites/lithotherapie","true","true","true","Lithothérapie en Suisse — Thérapeutes certifiés | Holiswiss","59","true","true","170","7","liée","SSR","14 types","INDEXABLE_MAIS_A_AMELIORER","","contenu mince (170 mots)","enrichir avant de pousser","3"
"https://holiswiss.ch/de/specialites/lithotherapie","specialty","200","https://holiswiss.ch/de/specialites/lithotherapie","0","allowed","","index, follow","https://holiswiss.ch/de/specialites/lithotherapie","true","true","true","Lithotherapie in der Schweiz — Zertifizierte Therapeuten | Holiswiss","68","true","true","160","7","liée","SSR","14 types","INDEXABLE_MAIS_A_AMELIORER","","contenu mince (160 mots) ; title 68 car.","enrichir avant de pousser","3"
"https://holiswiss.ch/it/specialites/litoterapia","specialty","200","https://holiswiss.ch/it/specialites/litoterapia","0","allowed","","index, follow","https://holiswiss.ch/it/specialites/litoterapia","true","true","true","Litoterapia in Svizzera — Terapeuti certificati | Holiswiss","59","true","true","168","7","liée","SSR","14 types","INDEXABLE_MAIS_A_AMELIORER","","contenu mince (168 mots)","enrichir avant de pousser","3"
"https://holiswiss.ch/en/specialites/lithotherapy","specialty","200","https://holiswiss.ch/en/specialites/lithotherapy","0","allowed","","index, follow","https://holiswiss.ch/en/specialites/lithotherapy","true","true","true","Lithotherapy in Switzerland — Certified therapists | Holiswiss","62","true","true","165","7","liée","SSR","14 types","INDEXABLE_MAIS_A_AMELIORER","","contenu mince (165 mots)","enrichir avant de pousser","3"
"https://holiswiss.ch/fr/specialites/lahochi","specialty","200","https://holiswiss.ch/fr/specialites/lahochi","0","allowed","","index, follow","https://holiswiss.ch/fr/specialites/lahochi","true","true","true","LaHoChi en Suisse — Thérapeutes certifiés | Holiswiss","53","true","true","162","1","liée","SSR","14 types","INDEXABLE_MAIS_A_AMELIORER","","contenu mince (162 mots)","enrichir avant de pousser","3"
"https://holiswiss.ch/de/specialites/lahochi","specialty","200","https://holiswiss.ch/de/specialites/lahochi","0","allowed","","index, follow","https://holiswiss.ch/de/specialites/lahochi","true","true","true","LaHoChi in der Schweiz — Zertifizierte Therapeuten | Holiswiss","62","true","true","154","1","liée","SSR","14 types","INDEXABLE_MAIS_A_AMELIORER","","contenu mince (154 mots)","enrichir avant de pousser","3"
"https://holiswiss.ch/it/specialites/lahochi","specialty","200","https://holiswiss.ch/it/specialites/lahochi","0","allowed","","index, follow","https://holiswiss.ch/it/specialites/lahochi","true","true","true","LaHoChi in Svizzera — Terapeuti certificati | Holiswiss","55","true","true","166","1","liée","SSR","14 types","INDEXABLE_MAIS_A_AMELIORER","","contenu mince (166 mots)","enrichir avant de pousser","3"
"https://holiswiss.ch/en/specialites/lahochi","specialty","200","https://holiswiss.ch/en/specialites/lahochi","0","allowed","","index, follow","https://holiswiss.ch/en/specialites/lahochi","true","true","true","LaHoChi in Switzerland — Certified therapists | Holiswiss","57","true","true","164","1","liée","SSR","14 types","INDEXABLE_MAIS_A_AMELIORER","","contenu mince (164 mots)","enrichir avant de pousser","3"
"https://holiswiss.ch/fr/specialites/acupuncture","specialty","200","https://holiswiss.ch/fr/specialites/acupuncture","0","allowed","","index, follow","https://holiswiss.ch/fr/specialites/acupuncture","true","true","true","Acupuncture en Suisse — Thérapeutes certifiés | Holiswiss","57","true","true","171","9","liée","SSR","14 types","INDEXABLE_MAIS_A_AMELIORER","","contenu mince (171 mots)","enrichir avant de pousser","3"
"https://holiswiss.ch/de/specialites/akupunktur","specialty","200","https://holiswiss.ch/de/specialites/akupunktur","0","allowed","","index, follow","https://holiswiss.ch/de/specialites/akupunktur","true","true","true","Akupunktur in der Schweiz — Zertifizierte Therapeuten | Holiswiss","65","true","true","168","9","liée","SSR","14 types","INDEXABLE_MAIS_A_AMELIORER","","contenu mince (168 mots)","enrichir avant de pousser","3"
"https://holiswiss.ch/it/specialites/agopuntura","specialty","200","https://holiswiss.ch/it/specialites/agopuntura","0","allowed","","index, follow","https://holiswiss.ch/it/specialites/agopuntura","true","true","true","Agopuntura in Svizzera — Terapeuti certificati | Holiswiss","58","true","true","169","9","liée","SSR","14 types","INDEXABLE_MAIS_A_AMELIORER","","contenu mince (169 mots)","enrichir avant de pousser","3"
"https://holiswiss.ch/en/specialites/acupuncture","specialty","200","https://holiswiss.ch/en/specialites/acupuncture","0","allowed","","index, follow","https://holiswiss.ch/en/specialites/acupuncture","true","true","true","Acupuncture in Switzerland — Certified therapists | Holiswiss","61","true","true","166","9","liée","SSR","14 types","INDEXABLE_MAIS_A_AMELIORER","","contenu mince (166 mots)","enrichir avant de pousser","3"
"https://holiswiss.ch/fr/specialites/micronutrition","specialty","200","https://holiswiss.ch/fr/specialites/micronutrition","0","allowed","","index, follow","https://holiswiss.ch/fr/specialites/micronutrition","true","true","true","Micronutrition en Suisse — Thérapeutes certifiés | Holiswiss","60","true","true","178","4","liée","SSR","14 types","INDEXABLE_MAIS_A_AMELIORER","","contenu mince (178 mots)","enrichir avant de pousser","3"
"https://holiswiss.ch/de/specialites/mikronaehrstofftherapie","specialty","200","https://holiswiss.ch/de/specialites/mikronaehrstofftherapie","0","allowed","","index, follow","https://holiswiss.ch/de/specialites/mikronaehrstofftherapie","true","true","true","Mikronährstofftherapie in der Schweiz — Zertifizierte Therapeuten | Holiswiss","77","true","true","163","4","liée","SSR","14 types","INDEXABLE_MAIS_A_AMELIORER","","contenu mince (163 mots) ; title 77 car.","enrichir avant de pousser","3"
"https://holiswiss.ch/it/specialites/micronutrizione","specialty","200","https://holiswiss.ch/it/specialites/micronutrizione","0","allowed","","index, follow","https://holiswiss.ch/it/specialites/micronutrizione","true","true","true","Micronutrizione in Svizzera — Terapeuti certificati | Holiswiss","63","true","true","172","4","liée","SSR","14 types","INDEXABLE_MAIS_A_AMELIORER","","contenu mince (172 mots)","enrichir avant de pousser","3"
"https://holiswiss.ch/en/specialites/micronutrition","specialty","200","https://holiswiss.ch/en/specialites/micronutrition","0","allowed","","index, follow","https://holiswiss.ch/en/specialites/micronutrition","true","true","true","Micronutrition in Switzerland — Certified therapists | Holiswiss","64","true","true","164","4","liée","SSR","14 types","INDEXABLE_MAIS_A_AMELIORER","","contenu mince (164 mots)","enrichir avant de pousser","3"
"https://holiswiss.ch/fr/specialites/naturopathie","specialty","200","https://holiswiss.ch/fr/specialites/naturopathie","0","allowed","","index, follow","https://holiswiss.ch/fr/specialites/naturopathie","true","true","true","Naturopathie en Suisse — Thérapeutes certifiés | Holiswiss","58","true","true","170","4","liée","SSR","14 types","INDEXABLE_MAIS_A_AMELIORER","","contenu mince (170 mots)","enrichir avant de pousser","3"
"https://holiswiss.ch/de/specialites/naturheilkunde","specialty","200","https://holiswiss.ch/de/specialites/naturheilkunde","0","allowed","","index, follow","https://holiswiss.ch/de/specialites/naturheilkunde","true","true","true","Naturheilkunde in der Schweiz — Zertifizierte Therapeuten | Holiswiss","69","true","true","157","4","liée","SSR","14 types","INDEXABLE_MAIS_A_AMELIORER","","contenu mince (157 mots) ; title 69 car.","enrichir avant de pousser","3"
"https://holiswiss.ch/it/specialites/naturopatia","specialty","200","https://holiswiss.ch/it/specialites/naturopatia","0","allowed","","index, follow","https://holiswiss.ch/it/specialites/naturopatia","true","true","true","Naturopatia in Svizzera — Terapeuti certificati | Holiswiss","59","true","true","165","4","liée","SSR","14 types","INDEXABLE_MAIS_A_AMELIORER","","contenu mince (165 mots)","enrichir avant de pousser","3"
"https://holiswiss.ch/en/specialites/naturopathy","specialty","200","https://holiswiss.ch/en/specialites/naturopathy","0","allowed","","index, follow","https://holiswiss.ch/en/specialites/naturopathy","true","true","true","Naturopathy in Switzerland — Certified therapists | Holiswiss","61","true","true","160","4","liée","SSR","14 types","INDEXABLE_MAIS_A_AMELIORER","","contenu mince (160 mots)","enrichir avant de pousser","3"
"https://holiswiss.ch/fr/specialites/nutrition","specialty","200","https://holiswiss.ch/fr/specialites/nutrition","0","allowed","","index, follow","https://holiswiss.ch/fr/specialites/nutrition","true","true","true","Nutrition en Suisse — Thérapeutes certifiés | Holiswiss","55","true","true","179","4","liée","SSR","14 types","INDEXABLE_MAIS_A_AMELIORER","","contenu mince (179 mots)","enrichir avant de pousser","3"
"https://holiswiss.ch/de/specialites/ernaehrungsberatung","specialty","200","https://holiswiss.ch/de/specialites/ernaehrungsberatung","0","allowed","","index, follow","https://holiswiss.ch/de/specialites/ernaehrungsberatung","true","true","true","Ernährungsberatung in der Schweiz — Zertifizierte Therapeuten | Holiswiss","73","true","true","174","4","liée","SSR","14 types","INDEXABLE_MAIS_A_AMELIORER","","contenu mince (174 mots) ; title 73 car.","enrichir avant de pousser","3"
"https://holiswiss.ch/it/specialites/nutrizione","specialty","200","https://holiswiss.ch/it/specialites/nutrizione","0","allowed","","index, follow","https://holiswiss.ch/it/specialites/nutrizione","true","true","true","Nutrizione in Svizzera — Terapeuti certificati | Holiswiss","58","true","true","177","4","liée","SSR","14 types","INDEXABLE_MAIS_A_AMELIORER","","contenu mince (177 mots)","enrichir avant de pousser","3"
"https://holiswiss.ch/en/specialites/nutrition","specialty","200","https://holiswiss.ch/en/specialites/nutrition","0","allowed","","index, follow","https://holiswiss.ch/en/specialites/nutrition","true","true","true","Nutrition in Switzerland — Certified therapists | Holiswiss","59","true","true","177","4","liée","SSR","14 types","INDEXABLE_MAIS_A_AMELIORER","","contenu mince (177 mots)","enrichir avant de pousser","3"
"https://holiswiss.ch/fr/specialites/radiesthesie","specialty","200","https://holiswiss.ch/fr/specialites/radiesthesie","0","allowed","","index, follow","https://holiswiss.ch/fr/specialites/radiesthesie","true","true","true","Radiesthésie en Suisse — Thérapeutes certifiés | Holiswiss","58","true","true","173","1","liée","SSR","14 types","INDEXABLE_MAIS_A_AMELIORER","","contenu mince (173 mots)","enrichir avant de pousser","3"
"https://holiswiss.ch/de/specialites/radiaesthesie","specialty","200","https://holiswiss.ch/de/specialites/radiaesthesie","0","allowed","","index, follow","https://holiswiss.ch/de/specialites/radiaesthesie","true","true","true","Radiästhesie in der Schweiz — Zertifizierte Therapeuten | Holiswiss","67","true","true","165","1","liée","SSR","14 types","INDEXABLE_MAIS_A_AMELIORER","","contenu mince (165 mots) ; title 67 car.","enrichir avant de pousser","3"
"https://holiswiss.ch/it/specialites/radiestesia","specialty","200","https://holiswiss.ch/it/specialites/radiestesia","0","allowed","","index, follow","https://holiswiss.ch/it/specialites/radiestesia","true","true","true","Radiestesia in Svizzera — Terapeuti certificati | Holiswiss","59","true","true","173","1","liée","SSR","14 types","INDEXABLE_MAIS_A_AMELIORER","","contenu mince (173 mots)","enrichir avant de pousser","3"
"https://holiswiss.ch/en/specialites/dowsing","specialty","200","https://holiswiss.ch/en/specialites/dowsing","0","allowed","","index, follow","https://holiswiss.ch/en/specialites/dowsing","true","true","true","Dowsing in Switzerland — Certified therapists | Holiswiss","57","true","true","170","1","liée","SSR","14 types","INDEXABLE_MAIS_A_AMELIORER","","contenu mince (170 mots)","enrichir avant de pousser","3"
"https://holiswiss.ch/fr/specialites/reflexologie","specialty","200","https://holiswiss.ch/fr/specialites/reflexologie","0","allowed","","index, follow","https://holiswiss.ch/fr/specialites/reflexologie","true","true","true","Réflexologie en Suisse — Thérapeutes certifiés | Holiswiss","58","true","true","171","9","liée","SSR","14 types","INDEXABLE_MAIS_A_AMELIORER","","contenu mince (171 mots)","enrichir avant de pousser","3"
"https://holiswiss.ch/de/specialites/reflexzonentherapie","specialty","200","https://holiswiss.ch/de/specialites/reflexzonentherapie","0","allowed","","index, follow","https://holiswiss.ch/de/specialites/reflexzonentherapie","true","true","true","Reflexzonentherapie in der Schweiz — Zertifizierte Therapeuten | Holiswiss","74","true","true","161","9","liée","SSR","14 types","INDEXABLE_MAIS_A_AMELIORER","","contenu mince (161 mots) ; title 74 car.","enrichir avant de pousser","3"
"https://holiswiss.ch/it/specialites/riflessologia","specialty","200","https://holiswiss.ch/it/specialites/riflessologia","0","allowed","","index, follow","https://holiswiss.ch/it/specialites/riflessologia","true","true","true","Riflessologia in Svizzera — Terapeuti certificati | Holiswiss","61","true","true","168","9","liée","SSR","14 types","INDEXABLE_MAIS_A_AMELIORER","","contenu mince (168 mots)","enrichir avant de pousser","3"
"https://holiswiss.ch/en/specialites/reflexology","specialty","200","https://holiswiss.ch/en/specialites/reflexology","0","allowed","","index, follow","https://holiswiss.ch/en/specialites/reflexology","true","true","true","Reflexology in Switzerland — Certified therapists | Holiswiss","61","true","true","166","9","liée","SSR","14 types","INDEXABLE_MAIS_A_AMELIORER","","contenu mince (166 mots)","enrichir avant de pousser","3"
"https://holiswiss.ch/fr/therapeute/dominique-marine-oberhofer-bb2a1b","therapist","200","https://holiswiss.ch/fr/therapeute/dominique-marine-oberhofer-bb2a1b","0","allowed","","index, follow","https://holiswiss.ch/fr/therapeute/dominique-marine-oberhofer-bb2a1b","true","true","true","Dominique Marine Oberhofer — Thérapeute à Payerne, VD | Holi","60","true","true","321","9","liée","SSR","27 types","INDEXABLE_ET_PRIORITAIRE","","","aucune","1"
"https://holiswiss.ch/fr/therapeute/sakurame-soin-0a8479","therapist","200","https://holiswiss.ch/fr/therapeute/sakurame-soin-0a8479","0","allowed","","index, follow","https://holiswiss.ch/fr/therapeute/sakurame-soin-0a8479","true","true","true","SakurÂme Amandine Glassey — Thérapeute à Boudevilliers, NE |","60","true","true","252","9","liée","SSR","23 types","INDEXABLE_ET_PRIORITAIRE","","","aucune","1"
"https://holiswiss.ch/fr/therapeute/olivier-larue-efbaa6","therapist","200","https://holiswiss.ch/fr/therapeute/olivier-larue-efbaa6","0","allowed","","index, follow","https://holiswiss.ch/fr/therapeute/olivier-larue-efbaa6","true","true","true","Olivier Larue — Thérapeute à Genève, GE | Holiswiss","51","true","true","232","5","liée","SSR","23 types","INDEXABLE_MAIS_A_AMELIORER","","contenu mince (232 mots)","enrichir avant de pousser","3"
"https://holiswiss.ch/fr/therapeute/d-jourdain-5de6e6","therapist","200","https://holiswiss.ch/fr/therapeute/d-jourdain-5de6e6","0","allowed","","index, follow","https://holiswiss.ch/fr/therapeute/d-jourdain-5de6e6","true","true","true","Dominique Jourdain — Thérapeute à Le Chenit, VD | Holiswiss","59","true","true","718","8","liée","SSR","31 types","INDEXABLE_ET_PRIORITAIRE","","","aucune","1"
"https://holiswiss.ch/fr/therapeute/fajeiv-pm-69192a","therapist","200","https://holiswiss.ch/fr/therapeute/fajeiv-pm-69192a","0","allowed","","index, follow","https://holiswiss.ch/fr/therapeute/fajeiv-pm-69192a","true","true","true","Fajeiv PM — Thérapeute | Holiswiss","34","true","true","213","1","liée","SSR","15 types","INDEXABLE_MAIS_A_AMELIORER","","contenu mince (213 mots)","enrichir avant de pousser","3"
"https://holiswiss.ch/fr/therapeute/emilie-chardon-8df145","therapist","200","https://holiswiss.ch/fr/therapeute/emilie-chardon-8df145","0","allowed","","index, follow","https://holiswiss.ch/fr/therapeute/emilie-chardon-8df145","true","true","true","Émilie Chardon — Thérapeute à Genève, GE | Holiswiss","52","true","true","714","9","liée","SSR","44 types","INDEXABLE_ET_PRIORITAIRE","","","aucune","1"
"https://holiswiss.ch/fr/therapeute/greg-arshakuni-67e978","therapist","200","https://holiswiss.ch/fr/therapeute/greg-arshakuni-67e978","0","allowed","","index, follow","https://holiswiss.ch/fr/therapeute/greg-arshakuni-67e978","true","true","true","Gregory Arshakuni — Consultant en psychologie - Spécialiste","59","true","true","430","7","liée","SSR","31 types","INDEXABLE_ET_PRIORITAIRE","","","aucune","1"
"https://holiswiss.ch/fr/therapeute/carine-9ffd3d","therapist","200","https://holiswiss.ch/fr/therapeute/carine-9ffd3d","0","allowed","","index, follow","https://holiswiss.ch/fr/therapeute/carine-9ffd3d","true","true","true","Carine Moiroux — Hypnothérapeute / Formatrice à Le Grand Sac","60","true","true","1526","7","liée","SSR","90 types","INDEXABLE_ET_PRIORITAIRE","","","aucune","1"
"https://holiswiss.ch/fr/therapeute/caroline-roch-the-undiet-plan","therapist","200","https://holiswiss.ch/fr/therapeute/caroline-roch-the-undiet-plan","0","allowed","","index, follow","https://holiswiss.ch/fr/therapeute/caroline-roch-the-undiet-plan","true","true","true","Caroline Roch — Experte nutrition - santé métabolique &amp; gest","64","true","true","559","6","liée","SSR","32 types","INDEXABLE_ET_PRIORITAIRE","","","aucune","1"
"https://holiswiss.ch/de/therapeute/henry-gerald","therapist","200","https://holiswiss.ch/de/therapeute/henry-gerald","0","allowed","","index, follow","https://holiswiss.ch/de/therapeute/henry-gerald","true","true","true","Gerald HENRY — Energeticien, Magnetiseur in Basel, BS | Holi","60","true","true","551","9","liée","SSR","37 types","INDEXABLE_ET_PRIORITAIRE","","","aucune","1"
"https://holiswiss.ch/de/therapeute/susanna-probst-bio-nerg-ticienne-2ea5be","therapist","200","https://holiswiss.ch/de/therapeute/susanna-probst-bio-nerg-ticienne-2ea5be","0","allowed","","index, follow","https://holiswiss.ch/de/therapeute/susanna-probst-bio-nerg-ticienne-2ea5be","true","true","true","Susanna Probst (Énergéticienne) — Energeticienne in Bienne,","59","true","true","375","6","liée","SSR","23 types","INDEXABLE_ET_PRIORITAIRE","","","aucune","1"
"https://holiswiss.ch/fr/therapeutes/canton/VD","listing","200","https://holiswiss.ch/fr/therapeutes/canton/VD","0","allowed","","index, follow","https://holiswiss.ch/fr/therapeutes/canton/VD","true","true","true","Thérapeutes à Vaud — Annuaire holistique | Holiswiss","52","true","true","296","118","liée","SSR","19 types","INDEXABLE_ET_PRIORITAIRE","","","aucune","2"
"https://holiswiss.ch/de/therapeutes/canton/VD","listing","200","https://holiswiss.ch/de/therapeutes/canton/VD","0","allowed","","index, follow","https://holiswiss.ch/de/therapeutes/canton/VD","true","true","true","Therapeuten in Waadt — Ganzheitliches Verzeichnis | Holiswiss","61","true","true","270","111","liée","SSR","19 types","INDEXABLE_ET_PRIORITAIRE","","","aucune","2"
"https://holiswiss.ch/it/therapeutes/canton/VD","listing","200","https://holiswiss.ch/it/therapeutes/canton/VD","0","allowed","","index, follow","https://holiswiss.ch/it/therapeutes/canton/VD","true","true","true","Terapeuti a Vaud — Directory olistica | Holiswiss","49","true","true","278","107","liée","SSR","19 types","INDEXABLE_ET_PRIORITAIRE","","","aucune","2"
"https://holiswiss.ch/en/therapeutes/canton/VD","listing","200","https://holiswiss.ch/en/therapeutes/canton/VD","0","allowed","","index, follow","https://holiswiss.ch/en/therapeutes/canton/VD","true","true","true","Therapists in Vaud — Holistic directory | Holiswiss","51","true","true","280","107","liée","SSR","19 types","INDEXABLE_ET_PRIORITAIRE","","","aucune","2"
"https://holiswiss.ch/fr/therapeutes/canton/NE","listing","200","https://holiswiss.ch/fr/therapeutes/canton/NE","0","allowed","","index, follow","https://holiswiss.ch/fr/therapeutes/canton/NE","true","true","true","Thérapeutes à Neuchâtel — Annuaire holistique | Holiswiss","57","true","true","191","118","liée","SSR","16 types","INDEXABLE_MAIS_A_AMELIORER","","contenu mince (191 mots)","enrichir avant de pousser","3"
"https://holiswiss.ch/de/therapeutes/canton/NE","listing","200","https://holiswiss.ch/de/therapeutes/canton/NE","0","allowed","","index, follow","https://holiswiss.ch/de/therapeutes/canton/NE","true","true","true","Therapeuten in Neuenburg — Ganzheitliches Verzeichnis | Holiswiss","65","true","true","175","111","liée","SSR","16 types","INDEXABLE_MAIS_A_AMELIORER","","contenu mince (175 mots)","enrichir avant de pousser","3"
"https://holiswiss.ch/it/therapeutes/canton/NE","listing","200","https://holiswiss.ch/it/therapeutes/canton/NE","0","allowed","","index, follow","https://holiswiss.ch/it/therapeutes/canton/NE","true","true","true","Terapeuti a Neuchâtel — Directory olistica | Holiswiss","54","true","true","165","107","liée","SSR","16 types","INDEXABLE_MAIS_A_AMELIORER","","contenu mince (165 mots)","enrichir avant de pousser","3"
"https://holiswiss.ch/en/therapeutes/canton/NE","listing","200","https://holiswiss.ch/en/therapeutes/canton/NE","0","allowed","","index, follow","https://holiswiss.ch/en/therapeutes/canton/NE","true","true","true","Therapists in Neuchâtel — Holistic directory | Holiswiss","56","true","true","175","107","liée","SSR","16 types","INDEXABLE_MAIS_A_AMELIORER","","contenu mince (175 mots)","enrichir avant de pousser","3"
"https://holiswiss.ch/fr/therapeutes/canton/GE","listing","200","https://holiswiss.ch/fr/therapeutes/canton/GE","0","allowed","","index, follow","https://holiswiss.ch/fr/therapeutes/canton/GE","true","true","true","Thérapeutes à Genève — Annuaire holistique | Holiswiss","54","true","true","248","118","liée","SSR","18 types","INDEXABLE_MAIS_A_AMELIORER","","contenu mince (248 mots)","enrichir avant de pousser","3"
"https://holiswiss.ch/de/therapeutes/canton/GE","listing","200","https://holiswiss.ch/de/therapeutes/canton/GE","0","allowed","","index, follow","https://holiswiss.ch/de/therapeutes/canton/GE","true","true","true","Therapeuten in Genf — Ganzheitliches Verzeichnis | Holiswiss","60","true","true","222","111","liée","SSR","18 types","INDEXABLE_MAIS_A_AMELIORER","","contenu mince (222 mots)","enrichir avant de pousser","3"
"https://holiswiss.ch/it/therapeutes/canton/GE","listing","200","https://holiswiss.ch/it/therapeutes/canton/GE","0","allowed","","index, follow","https://holiswiss.ch/it/therapeutes/canton/GE","true","true","true","Terapeuti a Ginevra — Directory olistica | Holiswiss","52","true","true","230","107","liée","SSR","18 types","INDEXABLE_MAIS_A_AMELIORER","","contenu mince (230 mots)","enrichir avant de pousser","3"
"https://holiswiss.ch/en/therapeutes/canton/GE","listing","200","https://holiswiss.ch/en/therapeutes/canton/GE","0","allowed","","index, follow","https://holiswiss.ch/en/therapeutes/canton/GE","true","true","true","Therapists in Geneva — Holistic directory | Holiswiss","53","true","true","232","107","liée","SSR","18 types","INDEXABLE_MAIS_A_AMELIORER","","contenu mince (232 mots)","enrichir avant de pousser","3"
"https://holiswiss.ch/fr/therapeutes/canton/BS","listing","200","https://holiswiss.ch/fr/therapeutes/canton/BS","0","allowed","","index, follow","https://holiswiss.ch/fr/therapeutes/canton/BS","true","true","true","Thérapeutes à Bâle-Ville — Annuaire holistique | Holiswiss","58","true","true","217","2","liée","SSR","16 types","INDEXABLE_MAIS_A_AMELIORER","","contenu mince (217 mots)","enrichir avant de pousser","3"
"https://holiswiss.ch/de/therapeutes/canton/BS","listing","200","https://holiswiss.ch/de/therapeutes/canton/BS","0","allowed","","index, follow","https://holiswiss.ch/de/therapeutes/canton/BS","true","true","true","Therapeuten in Basel-Stadt — Ganzheitliches Verzeichnis | Holiswiss","67","true","true","195","2","liée","SSR","16 types","INDEXABLE_MAIS_A_AMELIORER","","contenu mince (195 mots) ; title 67 car.","enrichir avant de pousser","3"
"https://holiswiss.ch/it/therapeutes/canton/BS","listing","200","https://holiswiss.ch/it/therapeutes/canton/BS","0","allowed","","index, follow","https://holiswiss.ch/it/therapeutes/canton/BS","true","true","true","Terapeuti a Basilea Città — Directory olistica | Holiswiss","58","true","true","200","2","liée","SSR","16 types","INDEXABLE_MAIS_A_AMELIORER","","contenu mince (200 mots)","enrichir avant de pousser","3"
"https://holiswiss.ch/en/therapeutes/canton/BS","listing","200","https://holiswiss.ch/en/therapeutes/canton/BS","0","allowed","","index, follow","https://holiswiss.ch/en/therapeutes/canton/BS","true","true","true","Therapists in Basel-Stadt — Holistic directory | Holiswiss","58","true","true","201","2","liée","SSR","16 types","INDEXABLE_MAIS_A_AMELIORER","","contenu mince (201 mots)","enrichir avant de pousser","3"
"https://holiswiss.ch/fr/therapeutes/canton/BE","listing","200","https://holiswiss.ch/fr/therapeutes/canton/BE","0","allowed","","index, follow","https://holiswiss.ch/fr/therapeutes/canton/BE","true","true","true","Thérapeutes à Berne — Annuaire holistique | Holiswiss","53","true","true","200","118","liée","SSR","16 types","INDEXABLE_MAIS_A_AMELIORER","","contenu mince (200 mots)","enrichir avant de pousser","3"
"https://holiswiss.ch/de/therapeutes/canton/BE","listing","200","https://holiswiss.ch/de/therapeutes/canton/BE","0","allowed","","index, follow","https://holiswiss.ch/de/therapeutes/canton/BE","true","true","true","Therapeuten in Bern — Ganzheitliches Verzeichnis | Holiswiss","60","true","true","174","111","liée","SSR","16 types","INDEXABLE_MAIS_A_AMELIORER","","contenu mince (174 mots)","enrichir avant de pousser","3"
"https://holiswiss.ch/it/therapeutes/canton/BE","listing","200","https://holiswiss.ch/it/therapeutes/canton/BE","0","allowed","","index, follow","https://holiswiss.ch/it/therapeutes/canton/BE","true","true","true","Terapeuti a Berna — Directory olistica | Holiswiss","50","true","true","182","107","liée","SSR","16 types","INDEXABLE_MAIS_A_AMELIORER","","contenu mince (182 mots)","enrichir avant de pousser","3"
"https://holiswiss.ch/en/therapeutes/canton/BE","listing","200","https://holiswiss.ch/en/therapeutes/canton/BE","0","allowed","","index, follow","https://holiswiss.ch/en/therapeutes/canton/BE","true","true","true","Therapists in Bern — Holistic directory | Holiswiss","51","true","true","184","107","liée","SSR","16 types","INDEXABLE_MAIS_A_AMELIORER","","contenu mince (184 mots)","enrichir avant de pousser","3"
"https://holiswiss.ch/fr/therapeutes/ville/payerne","listing","200","https://holiswiss.ch/fr/therapeutes/ville/payerne","0","allowed","","index, follow","https://holiswiss.ch/fr/therapeutes/ville/payerne","true","true","true","Thérapeutes à Payerne | Holiswiss","33","true","true","204","1","liée","SSR","16 types","INDEXABLE_MAIS_A_AMELIORER","","contenu mince (204 mots)","enrichir avant de pousser","3"
"https://holiswiss.ch/de/therapeutes/ville/payerne","listing","200","https://holiswiss.ch/de/therapeutes/ville/payerne","0","allowed","","index, follow","https://holiswiss.ch/de/therapeutes/ville/payerne","true","true","true","Therapeuten in Payerne | Holiswiss","34","true","true","184","1","liée","SSR","16 types","INDEXABLE_MAIS_A_AMELIORER","","contenu mince (184 mots)","enrichir avant de pousser","3"
"https://holiswiss.ch/it/therapeutes/ville/payerne","listing","200","https://holiswiss.ch/it/therapeutes/ville/payerne","0","allowed","","index, follow","https://holiswiss.ch/it/therapeutes/ville/payerne","true","true","true","Terapeuti a Payerne | Holiswiss","31","true","true","193","1","liée","SSR","16 types","INDEXABLE_MAIS_A_AMELIORER","","contenu mince (193 mots)","enrichir avant de pousser","3"
"https://holiswiss.ch/en/therapeutes/ville/payerne","listing","200","https://holiswiss.ch/en/therapeutes/ville/payerne","0","allowed","","index, follow","https://holiswiss.ch/en/therapeutes/ville/payerne","true","true","true","Therapists in Payerne | Holiswiss","33","true","true","188","1","liée","SSR","16 types","INDEXABLE_MAIS_A_AMELIORER","","contenu mince (188 mots)","enrichir avant de pousser","3"
"https://holiswiss.ch/fr/therapeutes/ville/boudevilliers","listing","200","https://holiswiss.ch/fr/therapeutes/ville/boudevilliers","0","allowed","","index, follow","https://holiswiss.ch/fr/therapeutes/ville/boudevilliers","true","true","true","Thérapeutes à Boudevilliers | Holiswiss","39","true","true","179","1","liée","SSR","16 types","INDEXABLE_MAIS_A_AMELIORER","","contenu mince (179 mots)","enrichir avant de pousser","3"
"https://holiswiss.ch/de/therapeutes/ville/boudevilliers","listing","200","https://holiswiss.ch/de/therapeutes/ville/boudevilliers","0","allowed","","index, follow","https://holiswiss.ch/de/therapeutes/ville/boudevilliers","true","true","true","Therapeuten in Boudevilliers | Holiswiss","40","true","true","163","1","liée","SSR","16 types","INDEXABLE_MAIS_A_AMELIORER","","contenu mince (163 mots)","enrichir avant de pousser","3"
"https://holiswiss.ch/it/therapeutes/ville/boudevilliers","listing","200","https://holiswiss.ch/it/therapeutes/ville/boudevilliers","0","allowed","","index, follow","https://holiswiss.ch/it/therapeutes/ville/boudevilliers","true","true","true","Terapeuti a Boudevilliers | Holiswiss","37","true","true","168","1","liée","SSR","16 types","INDEXABLE_MAIS_A_AMELIORER","","contenu mince (168 mots)","enrichir avant de pousser","3"
"https://holiswiss.ch/en/therapeutes/ville/boudevilliers","listing","200","https://holiswiss.ch/en/therapeutes/ville/boudevilliers","0","allowed","","index, follow","https://holiswiss.ch/en/therapeutes/ville/boudevilliers","true","true","true","Therapists in Boudevilliers | Holiswiss","39","true","true","163","1","liée","SSR","16 types","INDEXABLE_MAIS_A_AMELIORER","","contenu mince (163 mots)","enrichir avant de pousser","3"
"https://holiswiss.ch/fr/therapeutes/ville/geneve","listing","200","https://holiswiss.ch/fr/therapeutes/ville/geneve","0","allowed","","index, follow","https://holiswiss.ch/fr/therapeutes/ville/geneve","true","true","true","Thérapeutes à Genève | Holiswiss","32","true","true","204","118","liée","SSR","17 types","INDEXABLE_MAIS_A_AMELIORER","","contenu mince (204 mots)","enrichir avant de pousser","3"
"https://holiswiss.ch/de/therapeutes/ville/geneve","listing","200","https://holiswiss.ch/de/therapeutes/ville/geneve","0","allowed","","index, follow","https://holiswiss.ch/de/therapeutes/ville/geneve","true","true","true","Therapeuten in Genève | Holiswiss","33","true","true","184","111","liée","SSR","17 types","INDEXABLE_MAIS_A_AMELIORER","","contenu mince (184 mots)","enrichir avant de pousser","3"
"https://holiswiss.ch/it/therapeutes/ville/geneve","listing","200","https://holiswiss.ch/it/therapeutes/ville/geneve","0","allowed","","index, follow","https://holiswiss.ch/it/therapeutes/ville/geneve","true","true","true","Terapeuti a Genève | Holiswiss","30","true","true","193","107","liée","SSR","17 types","INDEXABLE_MAIS_A_AMELIORER","","contenu mince (193 mots)","enrichir avant de pousser","3"
"https://holiswiss.ch/en/therapeutes/ville/geneve","listing","200","https://holiswiss.ch/en/therapeutes/ville/geneve","0","allowed","","index, follow","https://holiswiss.ch/en/therapeutes/ville/geneve","true","true","true","Therapists in Genève | Holiswiss","32","true","true","188","107","liée","SSR","17 types","INDEXABLE_MAIS_A_AMELIORER","","contenu mince (188 mots)","enrichir avant de pousser","3"
"https://holiswiss.ch/fr/therapeutes/ville/le-chenit","listing","200","https://holiswiss.ch/fr/therapeutes/ville/le-chenit","0","allowed","","index, follow","https://holiswiss.ch/fr/therapeutes/ville/le-chenit","true","true","true","Thérapeutes à Le Chenit | Holiswiss","35","true","true","189","1","liée","SSR","16 types","INDEXABLE_MAIS_A_AMELIORER","","contenu mince (189 mots)","enrichir avant de pousser","3"
"https://holiswiss.ch/de/therapeutes/ville/le-chenit","listing","200","https://holiswiss.ch/de/therapeutes/ville/le-chenit","0","allowed","","index, follow","https://holiswiss.ch/de/therapeutes/ville/le-chenit","true","true","true","Therapeuten in Le Chenit | Holiswiss","36","true","true","169","1","liée","SSR","16 types","INDEXABLE_MAIS_A_AMELIORER","","contenu mince (169 mots)","enrichir avant de pousser","3"
"https://holiswiss.ch/it/therapeutes/ville/le-chenit","listing","200","https://holiswiss.ch/it/therapeutes/ville/le-chenit","0","allowed","","index, follow","https://holiswiss.ch/it/therapeutes/ville/le-chenit","true","true","true","Terapeuti a Le Chenit | Holiswiss","33","true","true","178","1","liée","SSR","16 types","INDEXABLE_MAIS_A_AMELIORER","","contenu mince (178 mots)","enrichir avant de pousser","3"
"https://holiswiss.ch/en/therapeutes/ville/le-chenit","listing","200","https://holiswiss.ch/en/therapeutes/ville/le-chenit","0","allowed","","index, follow","https://holiswiss.ch/en/therapeutes/ville/le-chenit","true","true","true","Therapists in Le Chenit | Holiswiss","35","true","true","173","1","liée","SSR","16 types","INDEXABLE_MAIS_A_AMELIORER","","contenu mince (173 mots)","enrichir avant de pousser","3"
"https://holiswiss.ch/fr/therapeutes/ville/coppet","listing","200","https://holiswiss.ch/fr/therapeutes/ville/coppet","0","allowed","","index, follow","https://holiswiss.ch/fr/therapeutes/ville/coppet","true","true","true","Thérapeutes à Coppet | Holiswiss","32","true","true","207","1","liée","SSR","16 types","INDEXABLE_MAIS_A_AMELIORER","","contenu mince (207 mots)","enrichir avant de pousser","3"
"https://holiswiss.ch/de/therapeutes/ville/coppet","listing","200","https://holiswiss.ch/de/therapeutes/ville/coppet","0","allowed","","index, follow","https://holiswiss.ch/de/therapeutes/ville/coppet","true","true","true","Therapeuten in Coppet | Holiswiss","33","true","true","189","1","liée","SSR","16 types","INDEXABLE_MAIS_A_AMELIORER","","contenu mince (189 mots)","enrichir avant de pousser","3"
"https://holiswiss.ch/it/therapeutes/ville/coppet","listing","200","https://holiswiss.ch/it/therapeutes/ville/coppet","0","allowed","","index, follow","https://holiswiss.ch/it/therapeutes/ville/coppet","true","true","true","Terapeuti a Coppet | Holiswiss","30","true","true","198","1","liée","SSR","16 types","INDEXABLE_MAIS_A_AMELIORER","","contenu mince (198 mots)","enrichir avant de pousser","3"
"https://holiswiss.ch/en/therapeutes/ville/coppet","listing","200","https://holiswiss.ch/en/therapeutes/ville/coppet","0","allowed","","index, follow","https://holiswiss.ch/en/therapeutes/ville/coppet","true","true","true","Therapists in Coppet | Holiswiss","32","true","true","193","1","liée","SSR","16 types","INDEXABLE_MAIS_A_AMELIORER","","contenu mince (193 mots)","enrichir avant de pousser","3"
"https://holiswiss.ch/fr/therapeutes/ville/le-grand-saconnex","listing","200","https://holiswiss.ch/fr/therapeutes/ville/le-grand-saconnex","0","allowed","","index, follow","https://holiswiss.ch/fr/therapeutes/ville/le-grand-saconnex","true","true","true","Thérapeutes à Le Grand Saconnex | Holiswiss","43","true","true","213","1","liée","SSR","16 types","INDEXABLE_MAIS_A_AMELIORER","","contenu mince (213 mots)","enrichir avant de pousser","3"
"https://holiswiss.ch/de/therapeutes/ville/le-grand-saconnex","listing","200","https://holiswiss.ch/de/therapeutes/ville/le-grand-saconnex","0","allowed","","index, follow","https://holiswiss.ch/de/therapeutes/ville/le-grand-saconnex","true","true","true","Therapeuten in Le Grand Saconnex | Holiswiss","44","true","true","193","1","liée","SSR","16 types","INDEXABLE_MAIS_A_AMELIORER","","contenu mince (193 mots)","enrichir avant de pousser","3"
"https://holiswiss.ch/it/therapeutes/ville/le-grand-saconnex","listing","200","https://holiswiss.ch/it/therapeutes/ville/le-grand-saconnex","0","allowed","","index, follow","https://holiswiss.ch/it/therapeutes/ville/le-grand-saconnex","true","true","true","Terapeuti a Le Grand Saconnex | Holiswiss","41","true","true","202","1","liée","SSR","16 types","INDEXABLE_MAIS_A_AMELIORER","","contenu mince (202 mots)","enrichir avant de pousser","3"
"https://holiswiss.ch/en/therapeutes/ville/le-grand-saconnex","listing","200","https://holiswiss.ch/en/therapeutes/ville/le-grand-saconnex","0","allowed","","index, follow","https://holiswiss.ch/en/therapeutes/ville/le-grand-saconnex","true","true","true","Therapists in Le Grand Saconnex | Holiswiss","43","true","true","197","1","liée","SSR","16 types","INDEXABLE_MAIS_A_AMELIORER","","contenu mince (197 mots)","enrichir avant de pousser","3"
"https://holiswiss.ch/fr/therapeutes/ville/lausanne","listing","200","https://holiswiss.ch/fr/therapeutes/ville/lausanne","0","allowed","","index, follow","https://holiswiss.ch/fr/therapeutes/ville/lausanne","true","true","true","Thérapeutes à Lausanne | Holiswiss","34","true","true","205","118","liée","SSR","16 types","INDEXABLE_MAIS_A_AMELIORER","","contenu mince (205 mots)","enrichir avant de pousser","3"
"https://holiswiss.ch/de/therapeutes/ville/lausanne","listing","200","https://holiswiss.ch/de/therapeutes/ville/lausanne","0","allowed","","index, follow","https://holiswiss.ch/de/therapeutes/ville/lausanne","true","true","true","Therapeuten in Lausanne | Holiswiss","35","true","true","185","111","liée","SSR","16 types","INDEXABLE_MAIS_A_AMELIORER","","contenu mince (185 mots)","enrichir avant de pousser","3"
"https://holiswiss.ch/it/therapeutes/ville/lausanne","listing","200","https://holiswiss.ch/it/therapeutes/ville/lausanne","0","allowed","","index, follow","https://holiswiss.ch/it/therapeutes/ville/lausanne","true","true","true","Terapeuti a Lausanne | Holiswiss","32","true","true","194","107","liée","SSR","16 types","INDEXABLE_MAIS_A_AMELIORER","","contenu mince (194 mots)","enrichir avant de pousser","3"
"https://holiswiss.ch/en/therapeutes/ville/lausanne","listing","200","https://holiswiss.ch/en/therapeutes/ville/lausanne","0","allowed","","index, follow","https://holiswiss.ch/en/therapeutes/ville/lausanne","true","true","true","Therapists in Lausanne | Holiswiss","34","true","true","189","107","liée","SSR","16 types","INDEXABLE_MAIS_A_AMELIORER","","contenu mince (189 mots)","enrichir avant de pousser","3"
"https://holiswiss.ch/fr/therapeutes/ville/basel","listing","200","https://holiswiss.ch/fr/therapeutes/ville/basel","0","allowed","","index, follow","https://holiswiss.ch/fr/therapeutes/ville/basel","true","true","true","Thérapeutes à Basel | Holiswiss","31","true","true","205","1","liée","SSR","16 types","INDEXABLE_MAIS_A_AMELIORER","","contenu mince (205 mots)","enrichir avant de pousser","3"
"https://holiswiss.ch/de/therapeutes/ville/basel","listing","200","https://holiswiss.ch/de/therapeutes/ville/basel","0","allowed","","index, follow","https://holiswiss.ch/de/therapeutes/ville/basel","true","true","true","Therapeuten in Basel | Holiswiss","32","true","true","185","1","liée","SSR","16 types","INDEXABLE_MAIS_A_AMELIORER","","contenu mince (185 mots)","enrichir avant de pousser","3"
"https://holiswiss.ch/it/therapeutes/ville/basel","listing","200","https://holiswiss.ch/it/therapeutes/ville/basel","0","allowed","","index, follow","https://holiswiss.ch/it/therapeutes/ville/basel","true","true","true","Terapeuti a Basel | Holiswiss","29","true","true","196","1","liée","SSR","16 types","INDEXABLE_MAIS_A_AMELIORER","","contenu mince (196 mots)","enrichir avant de pousser","3"
"https://holiswiss.ch/en/therapeutes/ville/basel","listing","200","https://holiswiss.ch/en/therapeutes/ville/basel","0","allowed","","index, follow","https://holiswiss.ch/en/therapeutes/ville/basel","true","true","true","Therapists in Basel | Holiswiss","31","true","true","189","1","liée","SSR","16 types","INDEXABLE_MAIS_A_AMELIORER","","contenu mince (189 mots)","enrichir avant de pousser","3"
"https://holiswiss.ch/fr/therapeutes/ville/biel-bienne","listing","200","https://holiswiss.ch/fr/therapeutes/ville/biel-bienne","0","allowed","","noindex,follow","https://holiswiss.ch/fr/therapeutes/ville/biel-bienne","true","true","false","Thérapeutes à Biel-Bienne | Holiswiss","37","true","true","176","0","orpheline","SSR","10 types","NON_INDEXABLE_VOLONTAIRE","meta robots noindex","contenu mince (176 mots) ; orpheline (0 lien interne entrant)","retirer du sitemap et de la file","4"
"https://holiswiss.ch/de/therapeutes/ville/biel-bienne","listing","200","https://holiswiss.ch/de/therapeutes/ville/biel-bienne","0","allowed","","noindex,follow","https://holiswiss.ch/de/therapeutes/ville/biel-bienne","true","true","false","Therapeuten in Biel-Bienne | Holiswiss","38","true","true","155","0","orpheline","SSR","10 types","NON_INDEXABLE_VOLONTAIRE","meta robots noindex","contenu mince (155 mots) ; orpheline (0 lien interne entrant)","retirer du sitemap et de la file","4"
"https://holiswiss.ch/it/therapeutes/ville/biel-bienne","listing","200","https://holiswiss.ch/it/therapeutes/ville/biel-bienne","0","allowed","","noindex,follow","https://holiswiss.ch/it/therapeutes/ville/biel-bienne","true","true","false","Terapeuti a Biel-Bienne | Holiswiss","35","true","true","165","0","orpheline","SSR","10 types","NON_INDEXABLE_VOLONTAIRE","meta robots noindex","contenu mince (165 mots) ; orpheline (0 lien interne entrant)","retirer du sitemap et de la file","4"
"https://holiswiss.ch/en/therapeutes/ville/biel-bienne","listing","200","https://holiswiss.ch/en/therapeutes/ville/biel-bienne","0","allowed","","noindex,follow","https://holiswiss.ch/en/therapeutes/ville/biel-bienne","true","true","false","Therapists in Biel-Bienne | Holiswiss","37","true","true","159","0","orpheline","SSR","10 types","NON_INDEXABLE_VOLONTAIRE","meta robots noindex","contenu mince (159 mots) ; orpheline (0 lien interne entrant)","retirer du sitemap et de la file","4"
"https://holiswiss.ch/de/evenements/3c7552ba-77e2-4ed1-a279-63cd04a2874b","event","200","https://holiswiss.ch/de/evenements/3c7552ba-77e2-4ed1-a279-63cd04a2874b","0","allowed","","index, follow","https://holiswiss.ch/de/evenements/3c7552ba-77e2-4ed1-a279-63cd04a2874b","true","true","true","Initiation Énergétique | HoliSwiss","34","true","true","164","2","liée","SSR","13 types","INDEXABLE_MAIS_A_AMELIORER","","contenu mince (164 mots)","enrichir avant de pousser","3"
"https://holiswiss.ch/fr/paroles/traumatisme-hypnose-mohi-a-geneve","parole","200","https://holiswiss.ch/fr/paroles/traumatisme-hypnose-mohi-a-geneve","0","allowed","","index, follow","https://holiswiss.ch/fr/paroles/traumatisme-hypnose-mohi-a-geneve","true","true","true","Traumatisme : Hypnose &amp; MOHI à Genève — Carine Moiroux | Holiswiss","70","true","true","942","2","liée","SSR","15 types","INDEXABLE_MAIS_A_AMELIORER","","title 70 car.","enrichir avant de pousser","3"
"https://holiswiss.ch/fr/paroles/hypnose-et-habitudes-alimentaires-retrouver-une-relation-apaisee-avec-la-nourrit","parole","200","https://holiswiss.ch/fr/paroles/hypnose-et-habitudes-alimentaires-retrouver-une-relation-apaisee-avec-la-nourrit","0","allowed","","index, follow","https://holiswiss.ch/fr/paroles/hypnose-et-habitudes-alimentaires-retrouver-une-relation-apaisee-avec-la-nourrit","true","true","true","Hypnose et habitudes alimentaires : retrouver une relation apaisée avec la nourriture — Carine Moiroux | Holiswiss","114","true","true","1045","2","liée","SSR","15 types","INDEXABLE_MAIS_A_AMELIORER","","title 114 car.","enrichir avant de pousser","3"
"https://holiswiss.ch/de/paroles/comment-j-ai-optimise-ma-visibilite-de-therapeute-en-soins-esseniens-sur-holiswi","parole","200","https://holiswiss.ch/de/paroles/comment-j-ai-optimise-ma-visibilite-de-therapeute-en-soins-esseniens-sur-holiswi","0","allowed","","index, follow","https://holiswiss.ch/de/paroles/comment-j-ai-optimise-ma-visibilite-de-therapeute-en-soins-esseniens-sur-holiswi","true","true","true","Comment j&#x27;ai optimisé ma visibilité de thérapeute en soins esséniens sur Holiswiss — Gerald HENRY | Holiswiss","114","true","true","700","2","liée","SSR","15 types","INDEXABLE_MAIS_A_AMELIORER","","title 114 car.","enrichir avant de pousser","3"
"https://holiswiss.ch/fr/blog/yoga-therapeutique-suisse-sante-bien-etre","article","200","https://holiswiss.ch/fr/blog/yoga-therapeutique-suisse-sante-bien-etre","0","allowed","","index, follow","https://holiswiss.ch/fr/blog/yoga-therapeutique-suisse-sante-bien-etre","true","true","true","Yoga therapeutique en Suisse : bien-être et vitalité | HoliS","60","true","true","763","1","liée","SSR","25 types","INDEXABLE_ET_PRIORITAIRE","","","aucune","2"
"https://holiswiss.ch/de/blog/yoga-therapeutique-suisse-sante-bien-etre","article","200","https://holiswiss.ch/de/blog/yoga-therapeutique-suisse-sante-bien-etre","0","allowed","","index, follow","https://holiswiss.ch/de/blog/yoga-therapeutique-suisse-sante-bien-etre","true","true","true","Yogatherapie in der Schweiz: Wohlbefinden und Vitalität | Ho","60","true","true","1496","1","liée","SSR","25 types","INDEXABLE_ET_PRIORITAIRE","","","aucune","2"
"https://holiswiss.ch/it/blog/yoga-therapeutique-suisse-sante-bien-etre","article","200","https://holiswiss.ch/it/blog/yoga-therapeutique-suisse-sante-bien-etre","0","allowed","","index, follow","https://holiswiss.ch/it/blog/yoga-therapeutique-suisse-sante-bien-etre","true","true","true","Yoga terapeutico in Svizzera: salute globale e benessere | H","60","true","true","1369","1","liée","SSR","25 types","INDEXABLE_ET_PRIORITAIRE","","","aucune","2"
"https://holiswiss.ch/en/blog/yoga-therapeutique-suisse-sante-bien-etre","article","200","https://holiswiss.ch/en/blog/yoga-therapeutique-suisse-sante-bien-etre","0","allowed","","index, follow","https://holiswiss.ch/en/blog/yoga-therapeutique-suisse-sante-bien-etre","true","true","true","Therapeutic Yoga in Switzerland: Holistic Health and Wellbei","60","true","true","1308","1","liée","SSR","25 types","INDEXABLE_ET_PRIORITAIRE","","","aucune","2"
"https://holiswiss.ch/fr/blog/sophrologie-suisse-gerer-stress","article","200","https://holiswiss.ch/fr/blog/sophrologie-suisse-gerer-stress","0","allowed","","index, follow","https://holiswiss.ch/fr/blog/sophrologie-suisse-gerer-stress","true","true","true","Sophrologie stress Suisse : gestion efficace et naturelle |","59","true","true","1298","1","liée","SSR","25 types","INDEXABLE_ET_PRIORITAIRE","","","aucune","2"
"https://holiswiss.ch/de/blog/sophrologie-suisse-gerer-stress","article","200","https://holiswiss.ch/de/blog/sophrologie-suisse-gerer-stress","0","allowed","","index, follow","https://holiswiss.ch/de/blog/sophrologie-suisse-gerer-stress","true","true","true","Sophrologie zum Stressabbau: Ein wirksamer Schweizer Ansatz","59","true","true","1183","1","liée","SSR","25 types","INDEXABLE_ET_PRIORITAIRE","","","aucune","2"
"https://holiswiss.ch/it/blog/sophrologie-suisse-gerer-stress","article","200","https://holiswiss.ch/it/blog/sophrologie-suisse-gerer-stress","0","allowed","","index, follow","https://holiswiss.ch/it/blog/sophrologie-suisse-gerer-stress","true","true","true","Sofrologia per gestire lo stress: un approccio svizzero effi","60","true","true","1282","1","liée","SSR","25 types","INDEXABLE_ET_PRIORITAIRE","","","aucune","2"
"https://holiswiss.ch/en/blog/sophrologie-suisse-gerer-stress","article","200","https://holiswiss.ch/en/blog/sophrologie-suisse-gerer-stress","0","allowed","","index, follow","https://holiswiss.ch/en/blog/sophrologie-suisse-gerer-stress","true","true","true","Sophrology to Manage Stress: An Effective Swiss Approach | H","60","true","true","1190","1","liée","SSR","25 types","INDEXABLE_ET_PRIORITAIRE","","","aucune","2"
"https://holiswiss.ch/fr/blog/insomnie-chronique-suisse-naturopathie-hypnose-yoga-therapeutique","article","200","https://holiswiss.ch/fr/blog/insomnie-chronique-suisse-naturopathie-hypnose-yoga-therapeutique","0","allowed","","index, follow","https://holiswiss.ch/fr/blog/insomnie-chronique-suisse-naturopathie-hypnose-yoga-therapeutique","true","true","true","Yoga-therapeutique insomnie : naturopathie et hypnose | Holi","60","true","true","1140","1","liée","SSR","25 types","INDEXABLE_ET_PRIORITAIRE","","","aucune","2"
"https://holiswiss.ch/de/blog/yogatherapie-schlaflosigkeit-naturheilkunde-hypnose","article","200","https://holiswiss.ch/de/blog/yogatherapie-schlaflosigkeit-naturheilkunde-hypnose","0","allowed","","index, follow","https://holiswiss.ch/de/blog/yogatherapie-schlaflosigkeit-naturheilkunde-hypnose","true","true","true","Yogatherapie bei Schlaflosigkeit: Naturheilkunde und Hypnose","60","true","true","1225","1","liée","SSR","25 types","INDEXABLE_ET_PRIORITAIRE","","","aucune","2"
"https://holiswiss.ch/it/blog/insomnie-chronique-suisse-naturopathie-hypnose-yoga-therapeutique","article","200","https://holiswiss.ch/it/blog/insomnie-chronique-suisse-naturopathie-hypnose-yoga-therapeutique","0","allowed","","index, follow","https://holiswiss.ch/it/blog/insomnie-chronique-suisse-naturopathie-hypnose-yoga-therapeutique","true","true","true","Yoga-terapia per l&#x27;insonnia: naturopatia e ipnosi | HoliSwis","65","true","true","1243","1","liée","SSR","25 types","INDEXABLE_ET_PRIORITAIRE","","","aucune","2"
"https://holiswiss.ch/en/blog/insomnie-chronique-suisse-naturopathie-hypnose-yoga-therapeutique","article","200","https://holiswiss.ch/en/blog/insomnie-chronique-suisse-naturopathie-hypnose-yoga-therapeutique","0","allowed","","index, follow","https://holiswiss.ch/en/blog/insomnie-chronique-suisse-naturopathie-hypnose-yoga-therapeutique","true","true","true","Therapeutic Yoga for Insomnia: Naturopathy and Hypnosis | Ho","60","true","true","1197","1","liée","SSR","25 types","INDEXABLE_ET_PRIORITAIRE","","","aucune","2"
"https://holiswiss.ch/fr/blog/insomnie-troubles-sommeil-therapie-holistique-suisse","article","200","https://holiswiss.ch/fr/blog/insomnie-troubles-sommeil-therapie-holistique-suisse","0","allowed","","index, follow","https://holiswiss.ch/fr/blog/insomnie-troubles-sommeil-therapie-holistique-suisse","true","true","true","La meditation-pleine-conscience face à l&#x27;insomnie en Suisse","64","true","true","629","2","liée","SSR","25 types","INDEXABLE_ET_PRIORITAIRE","","","aucune","2"
"https://holiswiss.ch/de/blog/achtsamkeitsmeditation-schlaflosigkeit-schweiz","article","200","https://holiswiss.ch/de/blog/achtsamkeitsmeditation-schlaflosigkeit-schweiz","0","allowed","","index, follow","https://holiswiss.ch/de/blog/achtsamkeitsmeditation-schlaflosigkeit-schweiz","true","true","true","Achtsamkeitsmeditation bei Schlaflosigkeit in der Schweiz |","59","true","true","837","2","liée","SSR","25 types","INDEXABLE_ET_PRIORITAIRE","","","aucune","2"
"https://holiswiss.ch/it/blog/insomnie-troubles-sommeil-therapie-holistique-suisse","article","200","https://holiswiss.ch/it/blog/insomnie-troubles-sommeil-therapie-holistique-suisse","0","allowed","","index, follow","https://holiswiss.ch/it/blog/insomnie-troubles-sommeil-therapie-holistique-suisse","true","true","true","Meditazione mindfulness per l&#x27;insonnia in Svizzera | HoliSwi","65","true","true","862","2","liée","SSR","25 types","INDEXABLE_ET_PRIORITAIRE","","","aucune","2"
"https://holiswiss.ch/en/blog/insomnie-troubles-sommeil-therapie-holistique-suisse","article","200","https://holiswiss.ch/en/blog/insomnie-troubles-sommeil-therapie-holistique-suisse","0","allowed","","index, follow","https://holiswiss.ch/en/blog/insomnie-troubles-sommeil-therapie-holistique-suisse","true","true","true","Mindfulness meditation for insomnia in Suisse | HoliSwiss","57","true","true","807","2","liée","SSR","25 types","INDEXABLE_ET_PRIORITAIRE","","","aucune","2"
"https://holiswiss.ch/fr/blog/tdah-enfant-therapie-naturelle-suisse-remboursement","article","200","https://holiswiss.ch/fr/blog/tdah-enfant-therapie-naturelle-suisse-remboursement","0","allowed","","index, follow","https://holiswiss.ch/fr/blog/tdah-enfant-therapie-naturelle-suisse-remboursement","true","true","true","TDAH enfant et coaching-holistique : conseils en Suisse | Ho","60","true","true","723","1","liée","SSR","25 types","INDEXABLE_ET_PRIORITAIRE","","","aucune","2"
"https://holiswiss.ch/de/blog/adhs-kinder-schweiz-ganzheitliches-coaching","article","200","https://holiswiss.ch/de/blog/adhs-kinder-schweiz-ganzheitliches-coaching","0","allowed","","index, follow","https://holiswiss.ch/de/blog/adhs-kinder-schweiz-ganzheitliches-coaching","true","true","true","ADHS bei Kindern und ganzheitliches Coaching: Tipps in der S","60","true","true","743","1","liée","SSR","25 types","INDEXABLE_ET_PRIORITAIRE","","","aucune","2"
"https://holiswiss.ch/it/blog/tdah-enfant-therapie-naturelle-suisse-remboursement","article","200","https://holiswiss.ch/it/blog/tdah-enfant-therapie-naturelle-suisse-remboursement","0","allowed","","index, follow","https://holiswiss.ch/it/blog/tdah-enfant-therapie-naturelle-suisse-remboursement","true","true","true","ADHD bambini e coaching olistico: consigli in Svizzera | Hol","60","true","true","757","1","liée","SSR","25 types","INDEXABLE_ET_PRIORITAIRE","","","aucune","2"
"https://holiswiss.ch/en/blog/tdah-enfant-therapie-naturelle-suisse-remboursement","article","200","https://holiswiss.ch/en/blog/tdah-enfant-therapie-naturelle-suisse-remboursement","0","allowed","","index, follow","https://holiswiss.ch/en/blog/tdah-enfant-therapie-naturelle-suisse-remboursement","true","true","true","Child ADHD and holistic coaching: advice in Switzerland | Ho","60","true","true","725","1","liée","SSR","25 types","INDEXABLE_ET_PRIORITAIRE","","","aucune","2"
"https://holiswiss.ch/fr/blog/burn-out-5-therapies-alternatives-efficaces","article","200","https://holiswiss.ch/fr/blog/burn-out-5-therapies-alternatives-efficaces","0","allowed","","index, follow","https://holiswiss.ch/fr/blog/burn-out-5-therapies-alternatives-efficaces","true","true","true","Burn-out et psychotherapie : 5 approches en Suisse | HoliSwi","60","true","true","775","1","liée","SSR","25 types","INDEXABLE_ET_PRIORITAIRE","","","aucune","2"
"https://holiswiss.ch/de/blog/burnout-schweiz-fuenf-wirksame-therapien","article","200","https://holiswiss.ch/de/blog/burnout-schweiz-fuenf-wirksame-therapien","0","allowed","","index, follow","https://holiswiss.ch/de/blog/burnout-schweiz-fuenf-wirksame-therapien","true","true","true","Burn-out : 5 Therapien, die in der Schweiz wirken | HoliSwis","60","true","true","1314","1","liée","SSR","25 types","INDEXABLE_ET_PRIORITAIRE","","","aucune","2"
"https://holiswiss.ch/it/blog/burn-out-5-therapies-alternatives-efficaces","article","200","https://holiswiss.ch/it/blog/burn-out-5-therapies-alternatives-efficaces","0","allowed","","index, follow","https://holiswiss.ch/it/blog/burn-out-5-therapies-alternatives-efficaces","true","true","true","## Esaurimento professionale: 5 terapie alternative efficaci","60","true","true","1343","1","liée","SSR","25 types","INDEXABLE_ET_PRIORITAIRE","","","aucune","2"
"https://holiswiss.ch/en/blog/burn-out-5-therapies-alternatives-efficaces","article","200","https://holiswiss.ch/en/blog/burn-out-5-therapies-alternatives-efficaces","0","allowed","","index, follow","https://holiswiss.ch/en/blog/burn-out-5-therapies-alternatives-efficaces","true","true","true","## Burn-out : 5 Thérapies Alternatives Efficaces en Suisse","58","true","true","1545","1","liée","SSR","25 types","INDEXABLE_ET_PRIORITAIRE","","","aucune","2"
"https://holiswiss.ch/fr/blog/therapeute-holistique-zurich-bale-berne-suisse-allemande","article","200","https://holiswiss.ch/fr/blog/therapeute-holistique-zurich-bale-berne-suisse-allemande","0","allowed","","index, follow","https://holiswiss.ch/fr/blog/therapeute-holistique-zurich-bale-berne-suisse-allemande","true","true","true","Votre annuaire de thérapeutes holistiques en Suisse | HoliSw","60","true","true","1183","2","liée","SSR","25 types","INDEXABLE_ET_PRIORITAIRE","","","aucune","2"
"https://holiswiss.ch/de/blog/therapeute-holistique-zurich-bale-berne-suisse-allemande","article","200","https://holiswiss.ch/de/blog/therapeute-holistique-zurich-bale-berne-suisse-allemande","0","allowed","","index, follow","https://holiswiss.ch/de/blog/therapeute-holistique-zurich-bale-berne-suisse-allemande","true","true","true","Ihr Verzeichnis ganzheitlicher Therapeuten in der Schweiz |","59","true","true","1132","2","liée","SSR","25 types","INDEXABLE_ET_PRIORITAIRE","","","aucune","2"
"https://holiswiss.ch/it/blog/therapeute-holistique-zurich-bale-berne-suisse-allemande","article","200","https://holiswiss.ch/it/blog/therapeute-holistique-zurich-bale-berne-suisse-allemande","0","allowed","","index, follow","https://holiswiss.ch/it/blog/therapeute-holistique-zurich-bale-berne-suisse-allemande","true","true","true","Il vostro elenco locale di terapeuti nella Svizzera romanda","59","true","true","1152","2","liée","SSR","25 types","INDEXABLE_ET_PRIORITAIRE","","","aucune","2"
"https://holiswiss.ch/en/blog/therapeute-holistique-zurich-bale-berne-suisse-allemande","article","200","https://holiswiss.ch/en/blog/therapeute-holistique-zurich-bale-berne-suisse-allemande","0","allowed","","index, follow","https://holiswiss.ch/en/blog/therapeute-holistique-zurich-bale-berne-suisse-allemande","true","true","true","Your local directory of therapists in Suisse romande | HoliS","60","true","true","1084","2","liée","SSR","25 types","INDEXABLE_ET_PRIORITAIRE","","","aucune","2"
"https://holiswiss.ch/fr/blog/geobiologie-bureau-productivite-suisse","article","200","https://holiswiss.ch/fr/blog/geobiologie-bureau-productivite-suisse","0","allowed","","index, follow","https://holiswiss.ch/fr/blog/geobiologie-bureau-productivite-suisse","true","true","true","Geobiologie Bureau : Bien-être Professionnel en Suisse | Hol","60","true","true","1570","1","liée","SSR","25 types","INDEXABLE_ET_PRIORITAIRE","","","aucune","2"
"https://holiswiss.ch/de/blog/geobiologie-bureau-productivite-suisse","article","200","https://holiswiss.ch/de/blog/geobiologie-bureau-productivite-suisse","0","allowed","","index, follow","https://holiswiss.ch/de/blog/geobiologie-bureau-productivite-suisse","true","true","true","Geobiologie im Büro: Professionelles Wohlbefinden in der Sch","60","true","true","1456","1","liée","SSR","25 types","INDEXABLE_ET_PRIORITAIRE","","","aucune","2"
"https://holiswiss.ch/it/blog/geobiologie-bureau-productivite-suisse","article","200","https://holiswiss.ch/it/blog/geobiologie-bureau-productivite-suisse","0","allowed","","index, follow","https://holiswiss.ch/it/blog/geobiologie-bureau-productivite-suisse","true","true","true","Geobiologia in Ufficio: Benessere Professionale in Svizzera","59","true","true","1506","1","liée","SSR","25 types","INDEXABLE_ET_PRIORITAIRE","","","aucune","2"
"https://holiswiss.ch/en/blog/geobiologie-bureau-productivite-suisse","article","200","https://holiswiss.ch/en/blog/geobiologie-bureau-productivite-suisse","0","allowed","","index, follow","https://holiswiss.ch/en/blog/geobiologie-bureau-productivite-suisse","true","true","true","Office Geobiology: Professional Well-being in Switzerland |","59","true","true","1411","1","liée","SSR","25 types","INDEXABLE_ET_PRIORITAIRE","","","aucune","2"
"https://holiswiss.ch/fr/blog/meditation-guidee-debutants-suisse","article","200","https://holiswiss.ch/fr/blog/meditation-guidee-debutants-suisse","0","allowed","","index, follow","https://holiswiss.ch/fr/blog/meditation-guidee-debutants-suisse","true","true","true","Pratiquer la meditation en Suisse : Guide pour débuter | Hol","60","true","true","761","2","liée","SSR","25 types","INDEXABLE_ET_PRIORITAIRE","","","aucune","2"
"https://holiswiss.ch/de/blog/gefuehrte-meditation-schweiz-anfaenger","article","200","https://holiswiss.ch/de/blog/gefuehrte-meditation-schweiz-anfaenger","0","allowed","","index, follow","https://holiswiss.ch/de/blog/gefuehrte-meditation-schweiz-anfaenger","true","true","true","Geführte Meditation für Anfänger in der Schweiz | Kompletter","60","true","true","728","2","liée","SSR","25 types","INDEXABLE_ET_PRIORITAIRE","","","aucune","2"
"https://holiswiss.ch/it/blog/meditation-guidee-debutants-suisse","article","200","https://holiswiss.ch/it/blog/meditation-guidee-debutants-suisse","0","allowed","","index, follow","https://holiswiss.ch/it/blog/meditation-guidee-debutants-suisse","true","true","true","Meditazione Guidata per Principianti in Svizzera | Guida Com","60","true","true","756","2","liée","SSR","25 types","INDEXABLE_ET_PRIORITAIRE","","","aucune","2"
"https://holiswiss.ch/en/blog/meditation-guidee-debutants-suisse","article","200","https://holiswiss.ch/en/blog/meditation-guidee-debutants-suisse","0","allowed","","index, follow","https://holiswiss.ch/en/blog/meditation-guidee-debutants-suisse","true","true","true","Guided Meditation for Beginners in Switzerland | Complete Gu","60","true","true","703","2","liée","SSR","25 types","INDEXABLE_ET_PRIORITAIRE","","","aucune","2"
"https://holiswiss.ch/fr/blog/difference-kinesitherapeute-osteopathe-chiropracteur-suisse","article","200","https://holiswiss.ch/fr/blog/difference-kinesitherapeute-osteopathe-chiropracteur-suisse","0","allowed","","index, follow","https://holiswiss.ch/fr/blog/difference-kinesitherapeute-osteopathe-chiropracteur-suisse","true","true","true","Kinesitherapie et Osteo : le guide expert en Suisse | HoliSw","60","true","true","815","1","liée","SSR","25 types","INDEXABLE_ET_PRIORITAIRE","","","aucune","2"
"https://holiswiss.ch/de/blog/unterschied-physiotherapie-osteopathie-chiropraktik-schweiz","article","200","https://holiswiss.ch/de/blog/unterschied-physiotherapie-osteopathie-chiropraktik-schweiz","0","allowed","","index, follow","https://holiswiss.ch/de/blog/unterschied-physiotherapie-osteopathie-chiropraktik-schweiz","true","true","true","Kiné, Ostéo oder Chiro : Wo liegen die Unterschiede in der S","60","true","true","1378","1","liée","SSR","25 types","INDEXABLE_ET_PRIORITAIRE","","","aucune","2"
"https://holiswiss.ch/it/blog/difference-kinesitherapeute-osteopathe-chiropracteur-suisse","article","200","https://holiswiss.ch/it/blog/difference-kinesitherapeute-osteopathe-chiropracteur-suisse","0","allowed","","index, follow","https://holiswiss.ch/it/blog/difference-kinesitherapeute-osteopathe-chiropracteur-suisse","true","true","true","## Fisioterapia, Osteopatia o Chiropratica: Qual è la Differ","60","true","true","1534","1","liée","SSR","25 types","INDEXABLE_ET_PRIORITAIRE","","","aucune","2"
"https://holiswiss.ch/en/blog/difference-kinesitherapeute-osteopathe-chiropracteur-suisse","article","200","https://holiswiss.ch/en/blog/difference-kinesitherapeute-osteopathe-chiropracteur-suisse","0","allowed","","index, follow","https://holiswiss.ch/en/blog/difference-kinesitherapeute-osteopathe-chiropracteur-suisse","true","true","true","## Physiotherapy, Osteopathy, or Chiropractic: What&#x27;s the Re","65","true","true","1625","1","liée","SSR","25 types","INDEXABLE_ET_PRIORITAIRE","","","aucune","2"
"https://holiswiss.ch/fr/blog/bienfaits-reiki-guide-complet","article","200","https://holiswiss.ch/fr/blog/bienfaits-reiki-guide-complet","0","allowed","","index, follow","https://holiswiss.ch/fr/blog/bienfaits-reiki-guide-complet","true","true","true","Pratique du reiki en Suisse : guide complet du bien-etre | H","60","true","true","612","1","liée","SSR","25 types","INDEXABLE_ET_PRIORITAIRE","","","aucune","2"
"https://holiswiss.ch/de/blog/reiki-vorteile-leitfaden-anfaenger","article","200","https://holiswiss.ch/de/blog/reiki-vorteile-leitfaden-anfaenger","0","allowed","","index, follow","https://holiswiss.ch/de/blog/reiki-vorteile-leitfaden-anfaenger","true","true","true","Die Vorteile von Reiki: Ein umfassender Leitfaden für Anfäng","60","true","true","835","1","liée","SSR","25 types","INDEXABLE_ET_PRIORITAIRE","","","aucune","2"
"https://holiswiss.ch/it/blog/bienfaits-reiki-guide-complet","article","200","https://holiswiss.ch/it/blog/bienfaits-reiki-guide-complet","0","allowed","","index, follow","https://holiswiss.ch/it/blog/bienfaits-reiki-guide-complet","true","true","true","I benefici del Reiki: guida completa per principianti | Holi","60","true","true","904","1","liée","SSR","25 types","INDEXABLE_ET_PRIORITAIRE","","","aucune","2"
"https://holiswiss.ch/en/blog/bienfaits-reiki-guide-complet","article","200","https://holiswiss.ch/en/blog/bienfaits-reiki-guide-complet","0","allowed","","index, follow","https://holiswiss.ch/en/blog/bienfaits-reiki-guide-complet","true","true","true","The benefits of Reiki: a comprehensive guide for beginners |","60","true","true","865","1","liée","SSR","25 types","INDEXABLE_ET_PRIORITAIRE","","","aucune","2"
"https://holiswiss.ch/fr/blog/ayurveda-suisse-praticiens-therapeutes","article","200","https://holiswiss.ch/fr/blog/ayurveda-suisse-praticiens-therapeutes","0","allowed","","index, follow","https://holiswiss.ch/fr/blog/ayurveda-suisse-praticiens-therapeutes","true","true","true","Ayurveda en Suisse : Thérapeutes et Praticiens de Santé | Ho","60","true","true","676","3","liée","SSR","25 types","INDEXABLE_ET_PRIORITAIRE","","","aucune","2"
"https://holiswiss.ch/de/blog/ayurveda-suisse-praticiens-therapeutes","article","200","https://holiswiss.ch/de/blog/ayurveda-suisse-praticiens-therapeutes","0","allowed","","index, follow","https://holiswiss.ch/de/blog/ayurveda-suisse-praticiens-therapeutes","true","true","true","Ayurveda in der Schweiz: Qualifizierte Praktiker und Therape","60","true","true","761","3","liée","SSR","25 types","INDEXABLE_ET_PRIORITAIRE","","","aucune","2"
"https://holiswiss.ch/it/blog/ayurveda-suisse-praticiens-therapeutes","article","200","https://holiswiss.ch/it/blog/ayurveda-suisse-praticiens-therapeutes","0","allowed","","index, follow","https://holiswiss.ch/it/blog/ayurveda-suisse-praticiens-therapeutes","true","true","true","Ayurveda in Svizzera: pratici e terapeuti qualificati  Trova","60","true","true","844","3","liée","SSR","25 types","INDEXABLE_ET_PRIORITAIRE","","","aucune","2"
"https://holiswiss.ch/en/blog/ayurveda-suisse-praticiens-therapeutes","article","200","https://holiswiss.ch/en/blog/ayurveda-suisse-praticiens-therapeutes","0","allowed","","index, follow","https://holiswiss.ch/en/blog/ayurveda-suisse-praticiens-therapeutes","true","true","true","## Ayurveda in Switzerland: Qualified Practitioners and Ther","60","true","true","809","3","liée","SSR","25 types","INDEXABLE_ET_PRIORITAIRE","","","aucune","2"
"https://holiswiss.ch/fr/blog/douleurs-chroniques-medecine-naturelle-suisse","article","200","https://holiswiss.ch/fr/blog/douleurs-chroniques-medecine-naturelle-suisse","0","allowed","","index, follow","https://holiswiss.ch/fr/blog/douleurs-chroniques-medecine-naturelle-suisse","true","true","true","Douleurs chroniques et bien-etre : approches en Suisse | Hol","60","true","true","801","2","liée","SSR","25 types","INDEXABLE_ET_PRIORITAIRE","","","aucune","2"
"https://holiswiss.ch/de/blog/douleurs-chroniques-medecine-naturelle-suisse","article","200","https://holiswiss.ch/de/blog/douleurs-chroniques-medecine-naturelle-suisse","0","allowed","","index, follow","https://holiswiss.ch/de/blog/douleurs-chroniques-medecine-naturelle-suisse","true","true","true","Chronische Schmerzen: natürliche Ansätze in der Schweiz | Ho","60","true","true","1188","2","liée","SSR","25 types","INDEXABLE_ET_PRIORITAIRE","","","aucune","2"
"https://holiswiss.ch/it/blog/douleurs-chroniques-medecine-naturelle-suisse","article","200","https://holiswiss.ch/it/blog/douleurs-chroniques-medecine-naturelle-suisse","0","allowed","","index, follow","https://holiswiss.ch/it/blog/douleurs-chroniques-medecine-naturelle-suisse","true","true","true","Dolori cronici: le soluzioni di medicina naturale in Svizzer","60","true","true","1302","2","liée","SSR","25 types","INDEXABLE_ET_PRIORITAIRE","","","aucune","2"
"https://holiswiss.ch/en/blog/douleurs-chroniques-medecine-naturelle-suisse","article","200","https://holiswiss.ch/en/blog/douleurs-chroniques-medecine-naturelle-suisse","0","allowed","","index, follow","https://holiswiss.ch/en/blog/douleurs-chroniques-medecine-naturelle-suisse","true","true","true","Chronic Pain in Switzerland: Natural Medicine Approaches Tha","60","true","true","1721","2","liée","SSR","25 types","INDEXABLE_ET_PRIORITAIRE","","","aucune","2"
"https://holiswiss.ch/fr/blog/arthrose-douleurs-articulaires-osteopathie-massage-acupuncture-suisse","article","200","https://holiswiss.ch/fr/blog/arthrose-douleurs-articulaires-osteopathie-massage-acupuncture-suisse","0","allowed","","index, follow","https://holiswiss.ch/fr/blog/arthrose-douleurs-articulaires-osteopathie-massage-acupuncture-suisse","true","true","true","Osteopathie et douleurs articulaires en Suisse romande | Hol","60","true","true","1149","2","liée","SSR","25 types","INDEXABLE_ET_PRIORITAIRE","","","aucune","2"
"https://holiswiss.ch/de/blog/arthrose-douleurs-articulaires-osteopathie-massage-acupuncture-suisse","article","200","https://holiswiss.ch/de/blog/arthrose-douleurs-articulaires-osteopathie-massage-acupuncture-suisse","0","allowed","","index, follow","https://holiswiss.ch/de/blog/arthrose-douleurs-articulaires-osteopathie-massage-acupuncture-suisse","true","true","true","Osteopathie und Gelenkschmerzen in der Westschweiz | HoliSwi","60","true","true","1085","2","liée","SSR","25 types","INDEXABLE_ET_PRIORITAIRE","","","aucune","2"
"https://holiswiss.ch/it/blog/arthrose-douleurs-articulaires-osteopathie-massage-acupuncture-suisse","article","200","https://holiswiss.ch/it/blog/arthrose-douleurs-articulaires-osteopathie-massage-acupuncture-suisse","0","allowed","","index, follow","https://holiswiss.ch/it/blog/arthrose-douleurs-articulaires-osteopathie-massage-acupuncture-suisse","true","true","true","Osteopatia e dolori articolari nella Svizzera romanda | Holi","60","true","true","1112","2","liée","SSR","25 types","INDEXABLE_ET_PRIORITAIRE","","","aucune","2"
"https://holiswiss.ch/en/blog/arthrose-douleurs-articulaires-osteopathie-massage-acupuncture-suisse","article","200","https://holiswiss.ch/en/blog/arthrose-douleurs-articulaires-osteopathie-massage-acupuncture-suisse","0","allowed","","index, follow","https://holiswiss.ch/en/blog/arthrose-douleurs-articulaires-osteopathie-massage-acupuncture-suisse","true","true","true","Osteopathy and joint pain in Suisse romande | HoliSwiss","55","true","true","1057","2","liée","SSR","25 types","INDEXABLE_ET_PRIORITAIRE","","","aucune","2"
"https://holiswiss.ch/fr/blog/lithotherapie-suisse-cristaux-bien-etre-energetique","article","200","https://holiswiss.ch/fr/blog/lithotherapie-suisse-cristaux-bien-etre-energetique","0","allowed","","index, follow","https://holiswiss.ch/fr/blog/lithotherapie-suisse-cristaux-bien-etre-energetique","true","true","true","Pratiquer la lithotherapie en Suisse : cristaux et calme | H","60","true","true","718","5","liée","SSR","25 types","INDEXABLE_ET_PRIORITAIRE","","","aucune","2"
"https://holiswiss.ch/de/blog/lithotherapie-suisse-cristaux-bien-etre-energetique","article","200","https://holiswiss.ch/de/blog/lithotherapie-suisse-cristaux-bien-etre-energetique","0","allowed","","index, follow","https://holiswiss.ch/de/blog/lithotherapie-suisse-cristaux-bien-etre-energetique","true","true","true","Lithotherapie in der Schweiz: Kristalle und energetisches Wo","60","true","true","771","5","liée","SSR","25 types","INDEXABLE_ET_PRIORITAIRE","","","aucune","2"
"https://holiswiss.ch/it/blog/lithotherapie-suisse-cristaux-bien-etre-energetique","article","200","https://holiswiss.ch/it/blog/lithotherapie-suisse-cristaux-bien-etre-energetique","0","allowed","","index, follow","https://holiswiss.ch/it/blog/lithotherapie-suisse-cristaux-bien-etre-energetique","true","true","true","# Litoterapia in Svizzera: cristalli e benessere energetico","59","true","true","781","5","liée","SSR","25 types","INDEXABLE_ET_PRIORITAIRE","","","aucune","2"
"https://holiswiss.ch/en/blog/lithotherapie-suisse-cristaux-bien-etre-energetique","article","200","https://holiswiss.ch/en/blog/lithotherapie-suisse-cristaux-bien-etre-energetique","0","allowed","","index, follow","https://holiswiss.ch/en/blog/lithotherapie-suisse-cristaux-bien-etre-energetique","true","true","true","# Lithotherapy in Switzerland: crystals and energetic well-b","60","true","true","732","5","liée","SSR","25 types","INDEXABLE_ET_PRIORITAIRE","","","aucune","2"
"https://holiswiss.ch/fr/blog/naturopathie-suisse-romande-guide-naturopathes","article","200","https://holiswiss.ch/fr/blog/naturopathie-suisse-romande-guide-naturopathes","0","allowed","","index, follow","https://holiswiss.ch/fr/blog/naturopathie-suisse-romande-guide-naturopathes","true","true","true","Naturopathie en Suisse romande : guide complet et experts |","59","true","true","714","2","liée","SSR","25 types","INDEXABLE_ET_PRIORITAIRE","","","aucune","2"
"https://holiswiss.ch/de/blog/naturheilkunde-schweiz-leitfaden","article","200","https://holiswiss.ch/de/blog/naturheilkunde-schweiz-leitfaden","0","allowed","","index, follow","https://holiswiss.ch/de/blog/naturheilkunde-schweiz-leitfaden","true","true","true","Naturheilkunde in der französischsprachigen Schweiz: Ein vol","60","true","true","1280","2","liée","SSR","25 types","INDEXABLE_ET_PRIORITAIRE","","","aucune","2"
"https://holiswiss.ch/it/blog/naturopathie-suisse-romande-guide-naturopathes","article","200","https://holiswiss.ch/it/blog/naturopathie-suisse-romande-guide-naturopathes","0","allowed","","index, follow","https://holiswiss.ch/it/blog/naturopathie-suisse-romande-guide-naturopathes","true","true","true","La Naturopatia in Svizzera italiana: Guida completa delle pr","60","true","true","1348","2","liée","SSR","25 types","INDEXABLE_ET_PRIORITAIRE","","","aucune","2"
"https://holiswiss.ch/en/blog/naturopathie-suisse-romande-guide-naturopathes","article","200","https://holiswiss.ch/en/blog/naturopathie-suisse-romande-guide-naturopathes","0","allowed","","index, follow","https://holiswiss.ch/en/blog/naturopathie-suisse-romande-guide-naturopathes","true","true","true","Naturopathy in French-speaking Switzerland: A Complete Guide","60","true","true","1244","2","liée","SSR","25 types","INDEXABLE_ET_PRIORITAIRE","","","aucune","2"
"https://holiswiss.ch/fr/blog/geobiologue-suisse-habitat-sain-bien-etre","article","200","https://holiswiss.ch/fr/blog/geobiologue-suisse-habitat-sain-bien-etre","0","allowed","","index, follow","https://holiswiss.ch/fr/blog/geobiologue-suisse-habitat-sain-bien-etre","true","true","true","Bien-être en Suisse : géobiologie pour habitat sain | HoliSw","60","true","true","905","2","liée","SSR","25 types","INDEXABLE_ET_PRIORITAIRE","","","aucune","2"
"https://holiswiss.ch/de/blog/geobiologue-suisse-habitat-sain-bien-etre","article","200","https://holiswiss.ch/de/blog/geobiologue-suisse-habitat-sain-bien-etre","0","allowed","","index, follow","https://holiswiss.ch/de/blog/geobiologue-suisse-habitat-sain-bien-etre","true","true","true","Wohlbefinden in der Schweiz: Geobiologie für gesundes Wohnen","60","true","true","857","2","liée","SSR","25 types","INDEXABLE_ET_PRIORITAIRE","","","aucune","2"
"https://holiswiss.ch/it/blog/geobiologue-suisse-habitat-sain-bien-etre","article","200","https://holiswiss.ch/it/blog/geobiologue-suisse-habitat-sain-bien-etre","0","allowed","","index, follow","https://holiswiss.ch/it/blog/geobiologue-suisse-habitat-sain-bien-etre","true","true","true","# Benessere in Svizzera: geobiologia per un habitat sano | H","60","true","true","860","2","liée","SSR","25 types","INDEXABLE_ET_PRIORITAIRE","","","aucune","2"
"https://holiswiss.ch/en/blog/geobiologue-suisse-habitat-sain-bien-etre","article","200","https://holiswiss.ch/en/blog/geobiologue-suisse-habitat-sain-bien-etre","0","allowed","","index, follow","https://holiswiss.ch/en/blog/geobiologue-suisse-habitat-sain-bien-etre","true","true","true","# Wellbeing in Switzerland: geobiology for a healthy home |","59","true","true","840","2","liée","SSR","25 types","INDEXABLE_ET_PRIORITAIRE","","","aucune","2"
"https://holiswiss.ch/fr/blog/chromotherapie-luminotherapie-suisse","article","200","https://holiswiss.ch/fr/blog/chromotherapie-luminotherapie-suisse","0","allowed","","index, follow","https://holiswiss.ch/fr/blog/chromotherapie-luminotherapie-suisse","true","true","true","Chromotherapie en Suisse : Guide complet bien-être | HoliSwi","60","true","true","1060","1","liée","SSR","25 types","INDEXABLE_ET_PRIORITAIRE","","","aucune","2"
"https://holiswiss.ch/de/blog/chromotherapie-schweiz-wohlbefinden","article","200","https://holiswiss.ch/de/blog/chromotherapie-schweiz-wohlbefinden","0","allowed","","index, follow","https://holiswiss.ch/de/blog/chromotherapie-schweiz-wohlbefinden","true","true","true","Chromotherapie in der Schweiz: Vollständiger Leitfaden für I","60","true","true","1002","1","liée","SSR","25 types","INDEXABLE_ET_PRIORITAIRE","","","aucune","2"
"https://holiswiss.ch/it/blog/chromotherapie-luminotherapie-suisse","article","200","https://holiswiss.ch/it/blog/chromotherapie-luminotherapie-suisse","0","allowed","","index, follow","https://holiswiss.ch/it/blog/chromotherapie-luminotherapie-suisse","true","true","true","Cromoterapia in Svizzera: Guida completa al benessere | Holi","60","true","true","1028","1","liée","SSR","25 types","INDEXABLE_ET_PRIORITAIRE","","","aucune","2"
"https://holiswiss.ch/en/blog/chromotherapie-luminotherapie-suisse","article","200","https://holiswiss.ch/en/blog/chromotherapie-luminotherapie-suisse","0","allowed","","index, follow","https://holiswiss.ch/en/blog/chromotherapie-luminotherapie-suisse","true","true","true","Chromotherapy in Switzerland: A Complete Well-being Guide |","59","true","true","958","1","liée","SSR","25 types","INDEXABLE_ET_PRIORITAIRE","","","aucune","2"
"https://holiswiss.ch/fr/blog/hypnose-therapeutique-suisse-mythes-realites-remboursement","article","200","https://holiswiss.ch/fr/blog/hypnose-therapeutique-suisse-mythes-realites-remboursement","0","allowed","","index, follow","https://holiswiss.ch/fr/blog/hypnose-therapeutique-suisse-mythes-realites-remboursement","true","true","true","Hypnose en Suisse : Guide pratique et remboursement | HoliSw","60","true","true","671","3","liée","SSR","25 types","INDEXABLE_ET_PRIORITAIRE","","","aucune","2"
"https://holiswiss.ch/de/blog/hypnose-schweiz-mythen-kostenrueckerstattung","article","200","https://holiswiss.ch/de/blog/hypnose-schweiz-mythen-kostenrueckerstattung","0","allowed","","index, follow","https://holiswiss.ch/de/blog/hypnose-schweiz-mythen-kostenrueckerstattung","true","true","true","Therapeutische Hypnose in der Schweiz: Mythen, Realitäten un","60","true","true","896","3","liée","SSR","25 types","INDEXABLE_ET_PRIORITAIRE","","","aucune","2"
"https://holiswiss.ch/it/blog/hypnose-therapeutique-suisse-mythes-realites-remboursement","article","200","https://holiswiss.ch/it/blog/hypnose-therapeutique-suisse-mythes-realites-remboursement","0","allowed","","index, follow","https://holiswiss.ch/it/blog/hypnose-therapeutique-suisse-mythes-realites-remboursement","true","true","true","Ipnosi terapeutica in Svizzera: miti, realtà e rimborsi | Ho","60","true","true","948","3","liée","SSR","25 types","INDEXABLE_ET_PRIORITAIRE","","","aucune","2"
"https://holiswiss.ch/en/blog/hypnose-therapeutique-suisse-mythes-realites-remboursement","article","200","https://holiswiss.ch/en/blog/hypnose-therapeutique-suisse-mythes-realites-remboursement","0","allowed","","index, follow","https://holiswiss.ch/en/blog/hypnose-therapeutique-suisse-mythes-realites-remboursement","true","true","true","Therapeutic Hypnosis in Switzerland: Myths, Realities and Re","60","true","true","886","3","liée","SSR","25 types","INDEXABLE_ET_PRIORITAIRE","","","aucune","2"
"https://holiswiss.ch/fr/blog/therapie-craniosacrale-suisse-bienfaits-remboursement","article","200","https://holiswiss.ch/fr/blog/therapie-craniosacrale-suisse-bienfaits-remboursement","0","allowed","","index, follow","https://holiswiss.ch/fr/blog/therapie-craniosacrale-suisse-bienfaits-remboursement","true","true","true","Craniosacral en Suisse : bienfaits et remboursement | HoliSw","60","true","true","1215","1","liée","SSR","25 types","INDEXABLE_MAIS_A_AMELIORER","","2 H1","enrichir avant de pousser","3"
"https://holiswiss.ch/de/blog/craniosacral-therapie-schweiz-rueckerstattung","article","200","https://holiswiss.ch/de/blog/craniosacral-therapie-schweiz-rueckerstattung","0","allowed","","index, follow","https://holiswiss.ch/de/blog/craniosacral-therapie-schweiz-rueckerstattung","true","true","true","Craniosacral Therapie in der Schweiz: Vorteile und Rückersta","60","true","true","1158","1","liée","SSR","25 types","INDEXABLE_MAIS_A_AMELIORER","","2 H1","enrichir avant de pousser","3"
"https://holiswiss.ch/it/blog/therapie-craniosacrale-suisse-bienfaits-remboursement","article","200","https://holiswiss.ch/it/blog/therapie-craniosacrale-suisse-bienfaits-remboursement","0","allowed","","index, follow","https://holiswiss.ch/it/blog/therapie-craniosacrale-suisse-bienfaits-remboursement","true","true","true","Terapia craniosacrale in Svizzera: benefici e rimborsi | Hol","60","true","true","1174","1","liée","SSR","25 types","INDEXABLE_MAIS_A_AMELIORER","","2 H1","enrichir avant de pousser","3"
"https://holiswiss.ch/en/blog/therapie-craniosacrale-suisse-bienfaits-remboursement","article","200","https://holiswiss.ch/en/blog/therapie-craniosacrale-suisse-bienfaits-remboursement","0","allowed","","index, follow","https://holiswiss.ch/en/blog/therapie-craniosacrale-suisse-bienfaits-remboursement","true","true","true","Craniosacral Therapy in Suisse: benefits and insurance cover","60","true","true","1093","1","liée","SSR","25 types","INDEXABLE_MAIS_A_AMELIORER","","2 H1","enrichir avant de pousser","3"
"https://holiswiss.ch/fr/blog/mal-de-dos-lombaire-osteopathe-chiropracteur-suisse","article","200","https://holiswiss.ch/fr/blog/mal-de-dos-lombaire-osteopathe-chiropracteur-suisse","0","allowed","","index, follow","https://holiswiss.ch/fr/blog/mal-de-dos-lombaire-osteopathe-chiropracteur-suisse","true","true","true","Osteopathie et mal de dos en Suisse : guide complet | HoliSw","60","true","true","761","2","liée","SSR","25 types","INDEXABLE_ET_PRIORITAIRE","","","aucune","2"
"https://holiswiss.ch/de/blog/osteopathie-rueckenschmerzen-schweiz","article","200","https://holiswiss.ch/de/blog/osteopathie-rueckenschmerzen-schweiz","0","allowed","","index, follow","https://holiswiss.ch/de/blog/osteopathie-rueckenschmerzen-schweiz","true","true","true","Osteopathie und Rückenschmerzen in der Schweiz: ein umfassen","60","true","true","712","2","liée","SSR","25 types","INDEXABLE_ET_PRIORITAIRE","","","aucune","2"
"https://holiswiss.ch/it/blog/mal-de-dos-lombaire-osteopathe-chiropracteur-suisse","article","200","https://holiswiss.ch/it/blog/mal-de-dos-lombaire-osteopathe-chiropracteur-suisse","0","allowed","","index, follow","https://holiswiss.ch/it/blog/mal-de-dos-lombaire-osteopathe-chiropracteur-suisse","true","true","true","Osteopatia e mal di schiena in Svizzera: guida completa | Ho","60","true","true","746","2","liée","SSR","25 types","INDEXABLE_ET_PRIORITAIRE","","","aucune","2"
"https://holiswiss.ch/en/blog/mal-de-dos-lombaire-osteopathe-chiropracteur-suisse","article","200","https://holiswiss.ch/en/blog/mal-de-dos-lombaire-osteopathe-chiropracteur-suisse","0","allowed","","index, follow","https://holiswiss.ch/en/blog/mal-de-dos-lombaire-osteopathe-chiropracteur-suisse","true","true","true","Osteopathy and back pain in Suisse: a complete guide | HoliS","60","true","true","698","2","liée","SSR","25 types","INDEXABLE_ET_PRIORITAIRE","","","aucune","2"
"https://holiswiss.ch/fr/blog/acupuncture-geneve-lausanne-comment-ca-marche","article","200","https://holiswiss.ch/fr/blog/acupuncture-geneve-lausanne-comment-ca-marche","0","allowed","","index, follow","https://holiswiss.ch/fr/blog/acupuncture-geneve-lausanne-comment-ca-marche","true","true","true","Acupuncture à Genève et Lausanne : comment ça marche | HoliS","60","true","true","1605","2","liée","SSR","25 types","INDEXABLE_ET_PRIORITAIRE","","","aucune","2"
"https://holiswiss.ch/de/blog/akupunktur-schweiz-leitfaden","article","200","https://holiswiss.ch/de/blog/akupunktur-schweiz-leitfaden","0","allowed","","index, follow","https://holiswiss.ch/de/blog/akupunktur-schweiz-leitfaden","true","true","true","Akupunktur in Genf und Lausanne: Vollständiger Leitfaden der","60","true","true","1498","2","liée","SSR","25 types","INDEXABLE_ET_PRIORITAIRE","","","aucune","2"
"https://holiswiss.ch/it/blog/acupuncture-geneve-lausanne-comment-ca-marche","article","200","https://holiswiss.ch/it/blog/acupuncture-geneve-lausanne-comment-ca-marche","0","allowed","","index, follow","https://holiswiss.ch/it/blog/acupuncture-geneve-lausanne-comment-ca-marche","true","true","true","Agopuntura a Ginevra e Losanna: guida completa della medicin","60","true","true","1602","2","liée","SSR","25 types","INDEXABLE_ET_PRIORITAIRE","","","aucune","2"
"https://holiswiss.ch/en/blog/acupuncture-geneve-lausanne-comment-ca-marche","article","200","https://holiswiss.ch/en/blog/acupuncture-geneve-lausanne-comment-ca-marche","0","allowed","","index, follow","https://holiswiss.ch/en/blog/acupuncture-geneve-lausanne-comment-ca-marche","true","true","true","Acupuncture in Geneva and Lausanne: A Complete Guide to Trad","60","true","true","1490","2","liée","SSR","25 types","INDEXABLE_ET_PRIORITAIRE","","","aucune","2"
"https://holiswiss.ch/fr/blog/aromatherapie-suisse-huiles-essentielles-guide","article","200","https://holiswiss.ch/fr/blog/aromatherapie-suisse-huiles-essentielles-guide","0","allowed","","index, follow","https://holiswiss.ch/fr/blog/aromatherapie-suisse-huiles-essentielles-guide","true","true","true","Aromatherapie en Suisse : Guide Complet des Huiles | HoliSwi","60","true","true","1422","2","liée","SSR","25 types","INDEXABLE_ET_PRIORITAIRE","","","aucune","2"
"https://holiswiss.ch/de/blog/aromatherapie-schweiz-aetherische-oele","article","200","https://holiswiss.ch/de/blog/aromatherapie-schweiz-aetherische-oele","0","allowed","","index, follow","https://holiswiss.ch/de/blog/aromatherapie-schweiz-aetherische-oele","true","true","true","Aromatherapie in der Schweiz: Vollständiger Leitfaden für ät","60","true","true","1350","2","liée","SSR","25 types","INDEXABLE_ET_PRIORITAIRE","","","aucune","2"
"https://holiswiss.ch/it/blog/aromatherapie-suisse-huiles-essentielles-guide","article","200","https://holiswiss.ch/it/blog/aromatherapie-suisse-huiles-essentielles-guide","0","allowed","","index, follow","https://holiswiss.ch/it/blog/aromatherapie-suisse-huiles-essentielles-guide","true","true","true","Aromaterapia in Svizzera: guida completa agli oli essenziali","60","true","true","1368","2","liée","SSR","25 types","INDEXABLE_ET_PRIORITAIRE","","","aucune","2"
"https://holiswiss.ch/en/blog/aromatherapie-suisse-huiles-essentielles-guide","article","200","https://holiswiss.ch/en/blog/aromatherapie-suisse-huiles-essentielles-guide","0","allowed","","index, follow","https://holiswiss.ch/en/blog/aromatherapie-suisse-huiles-essentielles-guide","true","true","true","Aromatherapy in Switzerland: A Complete Guide to Essential O","60","true","true","1290","2","liée","SSR","25 types","INDEXABLE_ET_PRIORITAIRE","","","aucune","2"
"https://holiswiss.ch/fr/blog/remboursement-asca-rme-naturopathie-acupuncture-suisse","article","200","https://holiswiss.ch/fr/blog/remboursement-asca-rme-naturopathie-acupuncture-suisse","0","allowed","","index, follow","https://holiswiss.ch/fr/blog/remboursement-asca-rme-naturopathie-acupuncture-suisse","true","true","false","Naturopathie ASCA RME : remboursement assurance 2024 | HoliS","60","true","true","4826","2","liée","SSR","25 types","A_DEDUPLIQUER_OU_CONSOLIDER","","title dupliqué","canonicaliser ou différencier le contenu","4"
"https://holiswiss.ch/de/blog/remboursement-asca-rme-naturopathie-acupuncture-suisse","article","200","https://holiswiss.ch/de/blog/remboursement-asca-rme-naturopathie-acupuncture-suisse","0","allowed","","index, follow","https://holiswiss.ch/de/blog/remboursement-asca-rme-naturopathie-acupuncture-suisse","true","true","true","Naturheilkunde ASCA und RME: Rückerstattung durch die Zusatz","60","true","true","4872","2","liée","SSR","25 types","INDEXABLE_ET_PRIORITAIRE","","","aucune","2"
"https://holiswiss.ch/it/blog/remboursement-asca-rme-naturopathie-acupuncture-suisse","article","200","https://holiswiss.ch/it/blog/remboursement-asca-rme-naturopathie-acupuncture-suisse","0","allowed","","index, follow","https://holiswiss.ch/it/blog/remboursement-asca-rme-naturopathie-acupuncture-suisse","true","true","false","Naturopathie ASCA RME : remboursement assurance 2024 | HoliS","60","true","true","4883","2","liée","SSR","25 types","A_DEDUPLIQUER_OU_CONSOLIDER","","title dupliqué","canonicaliser ou différencier le contenu","4"
"https://holiswiss.ch/en/blog/remboursement-asca-rme-naturopathie-acupuncture-suisse","article","200","https://holiswiss.ch/en/blog/remboursement-asca-rme-naturopathie-acupuncture-suisse","0","allowed","","index, follow","https://holiswiss.ch/en/blog/remboursement-asca-rme-naturopathie-acupuncture-suisse","true","true","false","Naturopathie ASCA RME : remboursement assurance 2024 | HoliS","60","true","true","4868","2","liée","SSR","25 types","A_DEDUPLIQUER_OU_CONSOLIDER","","title dupliqué","canonicaliser ou différencier le contenu","4"
"https://holiswiss.ch/fr/blog/sciatique-hernie-discale-osteopathie-suisse-romande-geneve-lausanne","article","200","https://holiswiss.ch/fr/blog/sciatique-hernie-discale-osteopathie-suisse-romande-geneve-lausanne","0","allowed","","index, follow","https://holiswiss.ch/fr/blog/sciatique-hernie-discale-osteopathie-suisse-romande-geneve-lausanne","true","true","true","Osteopathie sciatique et hernie discale Suisse romande | Hol","60","true","true","849","2","liée","SSR","25 types","INDEXABLE_ET_PRIORITAIRE","","","aucune","2"
"https://holiswiss.ch/de/blog/osteopathie-ischias-bandscheibenvorfall-westschweiz","article","200","https://holiswiss.ch/de/blog/osteopathie-ischias-bandscheibenvorfall-westschweiz","0","allowed","","index, follow","https://holiswiss.ch/de/blog/osteopathie-ischias-bandscheibenvorfall-westschweiz","true","true","true","Osteopathie bei Ischias und Bandscheibenvorfall Westschweiz","59","true","true","769","2","liée","SSR","25 types","INDEXABLE_ET_PRIORITAIRE","","","aucune","2"
"https://holiswiss.ch/it/blog/sciatique-hernie-discale-osteopathie-suisse-romande-geneve-lausanne","article","200","https://holiswiss.ch/it/blog/sciatique-hernie-discale-osteopathie-suisse-romande-geneve-lausanne","0","allowed","","index, follow","https://holiswiss.ch/it/blog/sciatique-hernie-discale-osteopathie-suisse-romande-geneve-lausanne","true","true","true","Osteopatia sciatica e ernia del disco Svizzera romanda | Hol","60","true","true","816","2","liée","SSR","25 types","INDEXABLE_ET_PRIORITAIRE","","","aucune","2"
"https://holiswiss.ch/en/blog/sciatique-hernie-discale-osteopathie-suisse-romande-geneve-lausanne","article","200","https://holiswiss.ch/en/blog/sciatique-hernie-discale-osteopathie-suisse-romande-geneve-lausanne","0","allowed","","index, follow","https://holiswiss.ch/en/blog/sciatique-hernie-discale-osteopathie-suisse-romande-geneve-lausanne","true","true","true","Osteopathy for sciatica and herniated discs in Suisse romand","60","true","true","768","2","liée","SSR","25 types","INDEXABLE_ET_PRIORITAIRE","","","aucune","2"
"https://holiswiss.ch/fr/blog/magnetiseur-suisse-soins-energetiques-magnetisme","article","200","https://holiswiss.ch/fr/blog/magnetiseur-suisse-soins-energetiques-magnetisme","0","allowed","","index, follow","https://holiswiss.ch/fr/blog/magnetiseur-suisse-soins-energetiques-magnetisme","true","true","true","Magnetisme : Soins énergétiques en Suisse | HoliSwiss","53","true","true","1210","1","liée","SSR","25 types","INDEXABLE_ET_PRIORITAIRE","","","aucune","2"
"https://holiswiss.ch/de/blog/magnetismus-schweiz-energetische-behandlungen","article","200","https://holiswiss.ch/de/blog/magnetismus-schweiz-energetische-behandlungen","0","allowed","","index, follow","https://holiswiss.ch/de/blog/magnetismus-schweiz-energetische-behandlungen","true","true","true","Magnetismus: Energetische Behandlungen in der Schweiz | Holi","60","true","true","1160","1","liée","SSR","25 types","INDEXABLE_ET_PRIORITAIRE","","","aucune","2"
"https://holiswiss.ch/it/blog/magnetiseur-suisse-soins-energetiques-magnetisme","article","200","https://holiswiss.ch/it/blog/magnetiseur-suisse-soins-energetiques-magnetisme","0","allowed","","index, follow","https://holiswiss.ch/it/blog/magnetiseur-suisse-soins-energetiques-magnetisme","true","true","true","Magnetismo: Trattamenti energetici in Svizzera | HoliSwiss","58","true","true","1189","1","liée","SSR","25 types","INDEXABLE_ET_PRIORITAIRE","","","aucune","2"
"https://holiswiss.ch/en/blog/magnetiseur-suisse-soins-energetiques-magnetisme","article","200","https://holiswiss.ch/en/blog/magnetiseur-suisse-soins-energetiques-magnetisme","0","allowed","","index, follow","https://holiswiss.ch/en/blog/magnetiseur-suisse-soins-energetiques-magnetisme","true","true","true","Magnetism: Energy healing in Suisse | HoliSwiss","47","true","true","1117","1","liée","SSR","25 types","INDEXABLE_ET_PRIORITAIRE","","","aucune","2"
"https://holiswiss.ch/fr/blog/anxiete-generalisee-sophrologie-hypnose-eft-suisse","article","200","https://holiswiss.ch/fr/blog/anxiete-generalisee-sophrologie-hypnose-eft-suisse","0","allowed","","index, follow","https://holiswiss.ch/fr/blog/anxiete-generalisee-sophrologie-hypnose-eft-suisse","true","true","true","Sophrologie, hypnose, EFT contre l&#x27;anxiete en Suisse | HoliS","65","true","true","681","1","liée","SSR","25 types","INDEXABLE_ET_PRIORITAIRE","","","aucune","2"
"https://holiswiss.ch/de/blog/angststoerung-schweiz-sophrologie-hypnose-eft","article","200","https://holiswiss.ch/de/blog/angststoerung-schweiz-sophrologie-hypnose-eft","0","allowed","","index, follow","https://holiswiss.ch/de/blog/angststoerung-schweiz-sophrologie-hypnose-eft","true","true","true","Generalisierte Angststörung Schweiz: Sophrologie, Hypnose, E","60","true","true","669","1","liée","SSR","25 types","INDEXABLE_ET_PRIORITAIRE","","","aucune","2"
"https://holiswiss.ch/it/blog/anxiete-generalisee-sophrologie-hypnose-eft-suisse","article","200","https://holiswiss.ch/it/blog/anxiete-generalisee-sophrologie-hypnose-eft-suisse","0","allowed","","index, follow","https://holiswiss.ch/it/blog/anxiete-generalisee-sophrologie-hypnose-eft-suisse","true","true","true","Ansia generalizzata Svizzera: sofrologia, ipnosi, EFT | Holi","60","true","true","685","1","liée","SSR","25 types","INDEXABLE_ET_PRIORITAIRE","","","aucune","2"
"https://holiswiss.ch/en/blog/anxiete-generalisee-sophrologie-hypnose-eft-suisse","article","200","https://holiswiss.ch/en/blog/anxiete-generalisee-sophrologie-hypnose-eft-suisse","0","allowed","","index, follow","https://holiswiss.ch/en/blog/anxiete-generalisee-sophrologie-hypnose-eft-suisse","true","true","true","Generalized anxiety Switzerland: sophrology, hypnosis, EFT |","60","true","true","665","1","liée","SSR","25 types","INDEXABLE_ET_PRIORITAIRE","","","aucune","2"
"https://holiswiss.ch/fr/blog/lithotherapie-suisse-cristaux-bien-etre","article","200","https://holiswiss.ch/fr/blog/lithotherapie-suisse-cristaux-bien-etre","0","allowed","","index, follow","https://holiswiss.ch/fr/blog/lithotherapie-suisse-cristaux-bien-etre","true","true","true","Lithotherapie Suisse : cristaux et bien-être holistique | Ho","60","true","true","1241","2","liée","SSR","25 types","INDEXABLE_ET_PRIORITAIRE","","","aucune","2"
"https://holiswiss.ch/de/blog/lithotherapie-schweiz-kristalle-wohlbefinden","article","200","https://holiswiss.ch/de/blog/lithotherapie-schweiz-kristalle-wohlbefinden","0","allowed","","index, follow","https://holiswiss.ch/de/blog/lithotherapie-schweiz-kristalle-wohlbefinden","true","true","true","Lithotherapie Schweiz: Kristalle und holistisches Wohlbefind","60","true","true","1183","2","liée","SSR","25 types","INDEXABLE_ET_PRIORITAIRE","","","aucune","2"
"https://holiswiss.ch/it/blog/lithotherapie-suisse-cristaux-bien-etre","article","200","https://holiswiss.ch/it/blog/lithotherapie-suisse-cristaux-bien-etre","0","allowed","","index, follow","https://holiswiss.ch/it/blog/lithotherapie-suisse-cristaux-bien-etre","true","true","true","Litoterapia Svizzera: cristalli e benessere olistico | HoliS","60","true","true","1205","2","liée","SSR","25 types","INDEXABLE_ET_PRIORITAIRE","","","aucune","2"
"https://holiswiss.ch/en/blog/lithotherapie-suisse-cristaux-bien-etre","article","200","https://holiswiss.ch/en/blog/lithotherapie-suisse-cristaux-bien-etre","0","allowed","","index, follow","https://holiswiss.ch/en/blog/lithotherapie-suisse-cristaux-bien-etre","true","true","true","Lithotherapy Switzerland: crystals and holistic well-being |","60","true","true","1132","2","liée","SSR","25 types","INDEXABLE_ET_PRIORITAIRE","","","aucune","2"
"https://holiswiss.ch/fr/blog/intestin-irritable-naturopathie-phytotherapie-acupuncture-valais","article","200","https://holiswiss.ch/fr/blog/intestin-irritable-naturopathie-phytotherapie-acupuncture-valais","0","allowed","","index, follow","https://holiswiss.ch/fr/blog/intestin-irritable-naturopathie-phytotherapie-acupuncture-valais","true","true","true","La phytotherapie pour l&#x27;intestin irritable en Valais | HoliS","65","true","true","1063","1","liée","SSR","25 types","INDEXABLE_ET_PRIORITAIRE","","","aucune","2"
"https://holiswiss.ch/de/blog/phytotherapie-reizdarm-wallis","article","200","https://holiswiss.ch/de/blog/phytotherapie-reizdarm-wallis","0","allowed","","index, follow","https://holiswiss.ch/de/blog/phytotherapie-reizdarm-wallis","true","true","true","Phytotherapie bei Reizdarm im Wallis | HoliSwiss","48","true","true","996","1","liée","SSR","25 types","INDEXABLE_ET_PRIORITAIRE","","","aucune","2"
"https://holiswiss.ch/it/blog/intestin-irritable-naturopathie-phytotherapie-acupuncture-valais","article","200","https://holiswiss.ch/it/blog/intestin-irritable-naturopathie-phytotherapie-acupuncture-valais","0","allowed","","index, follow","https://holiswiss.ch/it/blog/intestin-irritable-naturopathie-phytotherapie-acupuncture-valais","true","true","true","La fitoterapia per l’intestino irritabile in Vallese | HoliS","60","true","true","1016","1","liée","SSR","25 types","INDEXABLE_ET_PRIORITAIRE","","","aucune","2"
"https://holiswiss.ch/en/blog/intestin-irritable-naturopathie-phytotherapie-acupuncture-valais","article","200","https://holiswiss.ch/en/blog/intestin-irritable-naturopathie-phytotherapie-acupuncture-valais","0","allowed","","index, follow","https://holiswiss.ch/en/blog/intestin-irritable-naturopathie-phytotherapie-acupuncture-valais","true","true","true","Phytotherapy for irritable bowel in Valais | HoliSwiss","54","true","true","964","1","liée","SSR","25 types","INDEXABLE_ET_PRIORITAIRE","","","aucune","2"
"https://holiswiss.ch/fr/blog/eft-tapping-suisse-liberation-emotionnelle","article","200","https://holiswiss.ch/fr/blog/eft-tapping-suisse-liberation-emotionnelle","0","allowed","","index, follow","https://holiswiss.ch/fr/blog/eft-tapping-suisse-liberation-emotionnelle","true","true","true","EFT Tapping en Suisse : Technique de Libération Émotionnelle","60","true","true","1351","1","liée","SSR","25 types","INDEXABLE_ET_PRIORITAIRE","","","aucune","2"
"https://holiswiss.ch/de/blog/eft-tapping-schweiz-emotionale-befreiung","article","200","https://holiswiss.ch/de/blog/eft-tapping-schweiz-emotionale-befreiung","0","allowed","","index, follow","https://holiswiss.ch/de/blog/eft-tapping-schweiz-emotionale-befreiung","true","true","true","EFT Tapping in der Schweiz: Technik zur emotionalen Befreiun","60","true","true","1276","1","liée","SSR","25 types","INDEXABLE_ET_PRIORITAIRE","","","aucune","2"
"https://holiswiss.ch/it/blog/eft-tapping-suisse-liberation-emotionnelle","article","200","https://holiswiss.ch/it/blog/eft-tapping-suisse-liberation-emotionnelle","0","allowed","","index, follow","https://holiswiss.ch/it/blog/eft-tapping-suisse-liberation-emotionnelle","true","true","true","EFT Tapping in Svizzera: Tecnica di Libertà Emotiva | HoliSw","60","true","true","1281","1","liée","SSR","25 types","INDEXABLE_ET_PRIORITAIRE","","","aucune","2"
"https://holiswiss.ch/en/blog/eft-tapping-suisse-liberation-emotionnelle","article","200","https://holiswiss.ch/en/blog/eft-tapping-suisse-liberation-emotionnelle","0","allowed","","index, follow","https://holiswiss.ch/en/blog/eft-tapping-suisse-liberation-emotionnelle","true","true","true","EFT Tapping in Suisse: Emotional Freedom Technique | HoliSwi","60","true","true","1221","1","liée","SSR","25 types","INDEXABLE_ET_PRIORITAIRE","","","aucune","2"
"https://holiswiss.ch/fr/blog/prevention-blessures-sportives-suisse-osteopathie-kinesiologie","article","200","https://holiswiss.ch/fr/blog/prevention-blessures-sportives-suisse-osteopathie-kinesiologie","0","allowed","","index, follow","https://holiswiss.ch/fr/blog/prevention-blessures-sportives-suisse-osteopathie-kinesiologie","true","true","true","Kinesiologie et ostéopathie pour femmes athlètes suisses | H","60","true","true","1003","1","liée","SSR","25 types","INDEXABLE_ET_PRIORITAIRE","","","aucune","2"
"https://holiswiss.ch/de/blog/kinesiologie-osteopathie-schweiz-sportverletzungen","article","200","https://holiswiss.ch/de/blog/kinesiologie-osteopathie-schweiz-sportverletzungen","0","allowed","","index, follow","https://holiswiss.ch/de/blog/kinesiologie-osteopathie-schweiz-sportverletzungen","true","true","true","Kinesiologie und Osteopathie für Schweizer Athletinnen | Hol","60","true","true","954","1","liée","SSR","25 types","INDEXABLE_ET_PRIORITAIRE","","","aucune","2"
"https://holiswiss.ch/it/blog/prevention-blessures-sportives-suisse-osteopathie-kinesiologie","article","200","https://holiswiss.ch/it/blog/prevention-blessures-sportives-suisse-osteopathie-kinesiologie","0","allowed","","index, follow","https://holiswiss.ch/it/blog/prevention-blessures-sportives-suisse-osteopathie-kinesiologie","true","true","true","Kinesiologia e osteopatia per atlete svizzere | HoliSwiss","57","true","true","955","1","liée","SSR","25 types","INDEXABLE_ET_PRIORITAIRE","","","aucune","2"
"https://holiswiss.ch/en/blog/prevention-blessures-sportives-suisse-osteopathie-kinesiologie","article","200","https://holiswiss.ch/en/blog/prevention-blessures-sportives-suisse-osteopathie-kinesiologie","0","allowed","","index, follow","https://holiswiss.ch/en/blog/prevention-blessures-sportives-suisse-osteopathie-kinesiologie","true","true","true","Kinesiology and osteopathy for Swiss female athletes | HoliS","60","true","true","896","1","liée","SSR","25 types","INDEXABLE_ET_PRIORITAIRE","","","aucune","2"
"https://holiswiss.ch/fr/blog/reiki-distance-suisse-praticiens-certifies","article","200","https://holiswiss.ch/fr/blog/reiki-distance-suisse-praticiens-certifies","0","allowed","","index, follow","https://holiswiss.ch/fr/blog/reiki-distance-suisse-praticiens-certifies","true","true","true","Reiki à Distance en Suisse : Trouvez un Praticien Certifié |","60","true","true","1360","1","liée","SSR","25 types","INDEXABLE_ET_PRIORITAIRE","","","aucune","2"
"https://holiswiss.ch/de/blog/fern-reiki-schweiz-zertifizierte-praktizierende","article","200","https://holiswiss.ch/de/blog/fern-reiki-schweiz-zertifizierte-praktizierende","0","allowed","","index, follow","https://holiswiss.ch/de/blog/fern-reiki-schweiz-zertifizierte-praktizierende","true","true","true","Fern-Reiki in der Schweiz: Finden Sie zertifizierte Praktizi","60","true","true","1293","1","liée","SSR","25 types","INDEXABLE_ET_PRIORITAIRE","","","aucune","2"
"https://holiswiss.ch/it/blog/reiki-distance-suisse-praticiens-certifies","article","200","https://holiswiss.ch/it/blog/reiki-distance-suisse-praticiens-certifies","0","allowed","","index, follow","https://holiswiss.ch/it/blog/reiki-distance-suisse-praticiens-certifies","true","true","true","Reiki a distanza in Svizzera: trovi un operatore certificato","60","true","true","1366","1","liée","SSR","25 types","INDEXABLE_ET_PRIORITAIRE","","","aucune","2"
"https://holiswiss.ch/en/blog/reiki-distance-suisse-praticiens-certifies","article","200","https://holiswiss.ch/en/blog/reiki-distance-suisse-praticiens-certifies","0","allowed","","index, follow","https://holiswiss.ch/en/blog/reiki-distance-suisse-praticiens-certifies","true","true","true","Remote Reiki in Suisse: Find a Certified Practitioner | Holi","60","true","true","1287","1","liée","SSR","25 types","INDEXABLE_ET_PRIORITAIRE","","","aucune","2"
"https://holiswiss.ch/fr/blog/massage-bien-etre-suisse","article","200","https://holiswiss.ch/fr/blog/massage-bien-etre-suisse","0","allowed","","index, follow","https://holiswiss.ch/fr/blog/massage-bien-etre-suisse","true","true","true","Le meilleur du massage-bien-etre en Suisse romande | HoliSwi","60","true","true","642","9","liée","SSR","25 types","INDEXABLE_ET_PRIORITAIRE","","","aucune","2"
"https://holiswiss.ch/de/blog/wellness-massage-schweiz-arten-vorteile","article","200","https://holiswiss.ch/de/blog/wellness-massage-schweiz-arten-vorteile","0","allowed","","index, follow","https://holiswiss.ch/de/blog/wellness-massage-schweiz-arten-vorteile","true","true","true","Wellness-Massage in der Schweiz: Arten, Vorteile und Praktik","60","true","true","852","9","liée","SSR","25 types","INDEXABLE_ET_PRIORITAIRE","","","aucune","2"
"https://holiswiss.ch/it/blog/massage-bien-etre-suisse","article","200","https://holiswiss.ch/it/blog/massage-bien-etre-suisse","0","allowed","","index, follow","https://holiswiss.ch/it/blog/massage-bien-etre-suisse","true","true","true","Massaggio benessere in Svizzera: tipologie, benefici e opera","60","true","true","888","9","liée","SSR","25 types","INDEXABLE_ET_PRIORITAIRE","","","aucune","2"
"https://holiswiss.ch/en/blog/massage-bien-etre-suisse","article","200","https://holiswiss.ch/en/blog/massage-bien-etre-suisse","0","allowed","","index, follow","https://holiswiss.ch/en/blog/massage-bien-etre-suisse","true","true","true","Wellness massage in Switzerland: types, benefits and practit","60","true","true","822","9","liée","SSR","25 types","INDEXABLE_ET_PRIORITAIRE","","","aucune","2"
"https://holiswiss.ch/fr/blog/naturopathe-suisse-romande-guide-naturopathie","article","200","https://holiswiss.ch/fr/blog/naturopathe-suisse-romande-guide-naturopathie","0","allowed","","index, follow","https://holiswiss.ch/fr/blog/naturopathe-suisse-romande-guide-naturopathie","true","true","true","Trouver un cabinet de naturopathie en Suisse romande | HoliS","60","true","true","751","5","liée","SSR","25 types","INDEXABLE_ET_PRIORITAIRE","","","aucune","2"
"https://holiswiss.ch/de/blog/naturheilpraktiker-westschweiz-leitfaden","article","200","https://holiswiss.ch/de/blog/naturheilpraktiker-westschweiz-leitfaden","0","allowed","","index, follow","https://holiswiss.ch/de/blog/naturheilpraktiker-westschweiz-leitfaden","true","true","true","Naturheilpraktiker Westschweiz: Kompletter Leitfaden der Nat","60","true","true","988","5","liée","SSR","25 types","INDEXABLE_ET_PRIORITAIRE","","","aucune","2"
"https://holiswiss.ch/it/blog/naturopathe-suisse-romande-guide-naturopathie","article","200","https://holiswiss.ch/it/blog/naturopathe-suisse-romande-guide-naturopathie","0","allowed","","index, follow","https://holiswiss.ch/it/blog/naturopathe-suisse-romande-guide-naturopathie","true","true","true","Naturopata in Romandia: Guida completa alla naturopatia | Ho","60","true","true","1049","5","liée","SSR","25 types","INDEXABLE_ET_PRIORITAIRE","","","aucune","2"
"https://holiswiss.ch/en/blog/naturopathe-suisse-romande-guide-naturopathie","article","200","https://holiswiss.ch/en/blog/naturopathe-suisse-romande-guide-naturopathie","0","allowed","","index, follow","https://holiswiss.ch/en/blog/naturopathe-suisse-romande-guide-naturopathie","true","true","true","Naturopath in Suisse romande: A complete guide to naturopath","60","true","true","1000","5","liée","SSR","25 types","INDEXABLE_ET_PRIORITAIRE","","","aucune","2"
"https://holiswiss.ch/fr/blog/stress-travail-burnout-naturopathie-coaching-holistique-suisse-romande","article","200","https://holiswiss.ch/fr/blog/stress-travail-burnout-naturopathie-coaching-holistique-suisse-romande","0","allowed","","index, follow","https://holiswiss.ch/fr/blog/stress-travail-burnout-naturopathie-coaching-holistique-suisse-romande","true","true","true","Burnout en Suisse : naturopathie et coaching holistique | Ho","60","true","true","680","2","liée","SSR","25 types","INDEXABLE_ET_PRIORITAIRE","","","aucune","2"
"https://holiswiss.ch/de/blog/burnout-schweiz-naturheilkunde-coaching","article","200","https://holiswiss.ch/de/blog/burnout-schweiz-naturheilkunde-coaching","0","allowed","","index, follow","https://holiswiss.ch/de/blog/burnout-schweiz-naturheilkunde-coaching","true","true","true","Burnout in der Schweiz: Naturheilkunde und ganzheitliches Co","60","true","true","698","2","liée","SSR","25 types","INDEXABLE_ET_PRIORITAIRE","","","aucune","2"
"https://holiswiss.ch/it/blog/stress-travail-burnout-naturopathie-coaching-holistique-suisse-romande","article","200","https://holiswiss.ch/it/blog/stress-travail-burnout-naturopathie-coaching-holistique-suisse-romande","0","allowed","","index, follow","https://holiswiss.ch/it/blog/stress-travail-burnout-naturopathie-coaching-holistique-suisse-romande","true","true","true","Burnout in Svizzera: naturopatia e coaching olistico | HoliS","60","true","true","705","2","liée","SSR","25 types","INDEXABLE_ET_PRIORITAIRE","","","aucune","2"
"https://holiswiss.ch/en/blog/stress-travail-burnout-naturopathie-coaching-holistique-suisse-romande","article","200","https://holiswiss.ch/en/blog/stress-travail-burnout-naturopathie-coaching-holistique-suisse-romande","0","allowed","","index, follow","https://holiswiss.ch/en/blog/stress-travail-burnout-naturopathie-coaching-holistique-suisse-romande","true","true","true","Burnout in Suisse: Naturopathy and Holistic Coaching | HoliS","60","true","true","656","2","liée","SSR","25 types","INDEXABLE_ET_PRIORITAIRE","","","aucune","2"
"https://holiswiss.ch/fr/blog/reflexologie-faciale-plantaire-suisse-differences-bienfaits","article","200","https://holiswiss.ch/fr/blog/reflexologie-faciale-plantaire-suisse-differences-bienfaits","0","allowed","","index, follow","https://holiswiss.ch/fr/blog/reflexologie-faciale-plantaire-suisse-differences-bienfaits","true","true","true","Reflexologie faciale et plantaire : guide complet Suisse | H","60","true","true","736","2","liée","SSR","25 types","INDEXABLE_ET_PRIORITAIRE","","","aucune","2"
"https://holiswiss.ch/de/blog/gesichts-fussreflexzonenmassage-schweiz-leitfaden","article","200","https://holiswiss.ch/de/blog/gesichts-fussreflexzonenmassage-schweiz-leitfaden","0","allowed","","index, follow","https://holiswiss.ch/de/blog/gesichts-fussreflexzonenmassage-schweiz-leitfaden","true","true","true","Gesichts- und Fussreflexzonenmassage: Der umfassende Schweiz","60","true","true","760","2","liée","SSR","25 types","INDEXABLE_ET_PRIORITAIRE","","","aucune","2"
"https://holiswiss.ch/it/blog/reflexologie-faciale-plantaire-suisse-differences-bienfaits","article","200","https://holiswiss.ch/it/blog/reflexologie-faciale-plantaire-suisse-differences-bienfaits","0","allowed","","index, follow","https://holiswiss.ch/it/blog/reflexologie-faciale-plantaire-suisse-differences-bienfaits","true","true","true","Riflessologia facciale e plantare: guida completa Svizzera |","60","true","true","778","2","liée","SSR","25 types","INDEXABLE_ET_PRIORITAIRE","","","aucune","2"
"https://holiswiss.ch/en/blog/reflexologie-faciale-plantaire-suisse-differences-bienfaits","article","200","https://holiswiss.ch/en/blog/reflexologie-faciale-plantaire-suisse-differences-bienfaits","0","allowed","","index, follow","https://holiswiss.ch/en/blog/reflexologie-faciale-plantaire-suisse-differences-bienfaits","true","true","true","Facial and Foot Reflexology: A Comprehensive Swiss Guide | H","60","true","true","749","2","liée","SSR","25 types","INDEXABLE_ET_PRIORITAIRE","","","aucune","2"
"https://holiswiss.ch/fr/blog/kinesiologue-suisse-seance-bienfaits-reeequilibrage","article","200","https://holiswiss.ch/fr/blog/kinesiologue-suisse-seance-bienfaits-reeequilibrage","0","allowed","","index, follow","https://holiswiss.ch/fr/blog/kinesiologue-suisse-seance-bienfaits-reeequilibrage","true","true","true","Kinesiologie en Suisse : Accompagnement &amp; Bien-être | HoliSw","64","true","true","966","1","liée","SSR","25 types","INDEXABLE_ET_PRIORITAIRE","","","aucune","2"
"https://holiswiss.ch/de/blog/kinesiologie-schweiz-begleitung-wohlbefinden","article","200","https://holiswiss.ch/de/blog/kinesiologie-schweiz-begleitung-wohlbefinden","0","allowed","","index, follow","https://holiswiss.ch/de/blog/kinesiologie-schweiz-begleitung-wohlbefinden","true","true","true","Kinesiologie in der Schweiz: Begleitung &amp; Wohlbefinden | Hol","64","true","true","929","1","liée","SSR","25 types","INDEXABLE_ET_PRIORITAIRE","","","aucune","2"
"https://holiswiss.ch/it/blog/kinesiologue-suisse-seance-bienfaits-reeequilibrage","article","200","https://holiswiss.ch/it/blog/kinesiologue-suisse-seance-bienfaits-reeequilibrage","0","allowed","","index, follow","https://holiswiss.ch/it/blog/kinesiologue-suisse-seance-bienfaits-reeequilibrage","true","true","true","Kinesiologia in Svizzera: Accompagnamento &amp; Benessere | Holi","64","true","true","939","1","liée","SSR","25 types","INDEXABLE_ET_PRIORITAIRE","","","aucune","2"
"https://holiswiss.ch/en/blog/kinesiologue-suisse-seance-bienfaits-reeequilibrage","article","200","https://holiswiss.ch/en/blog/kinesiologue-suisse-seance-bienfaits-reeequilibrage","0","allowed","","index, follow","https://holiswiss.ch/en/blog/kinesiologue-suisse-seance-bienfaits-reeequilibrage","true","true","true","Kinesiology in Suisse: Support &amp; Well-being | HoliSwiss","59","true","true","886","1","liée","SSR","25 types","INDEXABLE_ET_PRIORITAIRE","","","aucune","2"
"https://holiswiss.ch/fr/blog/coach-holistique-suisse-romande","article","200","https://holiswiss.ch/fr/blog/coach-holistique-suisse-romande","0","allowed","","index, follow","https://holiswiss.ch/fr/blog/coach-holistique-suisse-romande","true","true","true","Coaching holistique en Suisse romande : bien-être | HoliSwis","60","true","true","601","6","liée","SSR","25 types","INDEXABLE_ET_PRIORITAIRE","","","aucune","2"
"https://holiswiss.ch/de/blog/holistisches-coaching-westschweiz","article","200","https://holiswiss.ch/de/blog/holistisches-coaching-westschweiz","0","allowed","","index, follow","https://holiswiss.ch/de/blog/holistisches-coaching-westschweiz","true","true","true","Holistisches Coaching in der Westschweiz: Wohlbefinden | Hol","60","true","true","644","6","liée","SSR","25 types","INDEXABLE_ET_PRIORITAIRE","","","aucune","2"
"https://holiswiss.ch/it/blog/coach-holistique-suisse-romande","article","200","https://holiswiss.ch/it/blog/coach-holistique-suisse-romande","0","allowed","","index, follow","https://holiswiss.ch/it/blog/coach-holistique-suisse-romande","true","true","true","Coaching olistico nella Svizzera romanda: benessere | HoliSw","60","true","true","642","6","liée","SSR","25 types","INDEXABLE_ET_PRIORITAIRE","","","aucune","2"
"https://holiswiss.ch/en/blog/coach-holistique-suisse-romande","article","200","https://holiswiss.ch/en/blog/coach-holistique-suisse-romande","0","allowed","","index, follow","https://holiswiss.ch/en/blog/coach-holistique-suisse-romande","true","true","true","Holistic coaching in Suisse romande: well-being | HoliSwiss","59","true","true","608","6","liée","SSR","25 types","INDEXABLE_ET_PRIORITAIRE","","","aucune","2"
"https://holiswiss.ch/fr/blog/shiatsu-massage-japonais-suisse","article","200","https://holiswiss.ch/fr/blog/shiatsu-massage-japonais-suisse","0","allowed","","index, follow","https://holiswiss.ch/fr/blog/shiatsu-massage-japonais-suisse","true","true","true","Pratiquer le Shiatsu en Suisse : seance et bien-etre | HoliS","60","true","true","665","4","liée","SSR","25 types","INDEXABLE_ET_PRIORITAIRE","","","aucune","2"
"https://holiswiss.ch/de/blog/shiatsu-schweiz-japanische-massage","article","200","https://holiswiss.ch/de/blog/shiatsu-schweiz-japanische-massage","0","allowed","","index, follow","https://holiswiss.ch/de/blog/shiatsu-schweiz-japanische-massage","true","true","true","Shiatsu in der Schweiz: Japanische Massage für Wohlbefinden","59","true","true","738","4","liée","SSR","25 types","INDEXABLE_ET_PRIORITAIRE","","","aucune","2"
"https://holiswiss.ch/it/blog/shiatsu-massage-japonais-suisse","article","200","https://holiswiss.ch/it/blog/shiatsu-massage-japonais-suisse","0","allowed","","index, follow","https://holiswiss.ch/it/blog/shiatsu-massage-japonais-suisse","true","true","true","Shiatsu in Svizzera: massaggio giapponese benessere &amp; relax","63","true","true","768","4","liée","SSR","25 types","INDEXABLE_ET_PRIORITAIRE","","","aucune","2"
"https://holiswiss.ch/en/blog/shiatsu-massage-japonais-suisse","article","200","https://holiswiss.ch/en/blog/shiatsu-massage-japonais-suisse","0","allowed","","index, follow","https://holiswiss.ch/en/blog/shiatsu-massage-japonais-suisse","true","true","true","Shiatsu in Switzerland: Japanese massage for well-being &amp; re","64","true","true","739","4","liée","SSR","25 types","INDEXABLE_ET_PRIORITAIRE","","","aucune","2"
"https://holiswiss.ch/fr/blog/reflexologie-plantaire-suisse-guide-bienfaits","article","200","https://holiswiss.ch/fr/blog/reflexologie-plantaire-suisse-guide-bienfaits","0","allowed","","index, follow","https://holiswiss.ch/fr/blog/reflexologie-plantaire-suisse-guide-bienfaits","true","true","true","La reflexologie en Suisse : Guide et approche bien-être | Ho","60","true","true","627","4","liée","SSR","25 types","INDEXABLE_ET_PRIORITAIRE","","","aucune","2"
"https://holiswiss.ch/de/blog/fussreflexzonenmassage-schweiz-leitfaden","article","200","https://holiswiss.ch/de/blog/fussreflexzonenmassage-schweiz-leitfaden","0","allowed","","index, follow","https://holiswiss.ch/de/blog/fussreflexzonenmassage-schweiz-leitfaden","true","true","true","Fussreflexzonenmassage in der Schweiz: Kompletter Leitfaden","59","true","true","876","4","liée","SSR","25 types","INDEXABLE_ET_PRIORITAIRE","","","aucune","2"
"https://holiswiss.ch/it/blog/reflexologie-plantaire-suisse-guide-bienfaits","article","200","https://holiswiss.ch/it/blog/reflexologie-plantaire-suisse-guide-bienfaits","0","allowed","","index, follow","https://holiswiss.ch/it/blog/reflexologie-plantaire-suisse-guide-bienfaits","true","true","true","Riflessologia plantare in Svizzera: guida completa e benefic","60","true","true","935","4","liée","SSR","25 types","INDEXABLE_ET_PRIORITAIRE","","","aucune","2"
"https://holiswiss.ch/en/blog/reflexologie-plantaire-suisse-guide-bienfaits","article","200","https://holiswiss.ch/en/blog/reflexologie-plantaire-suisse-guide-bienfaits","0","allowed","","index, follow","https://holiswiss.ch/en/blog/reflexologie-plantaire-suisse-guide-bienfaits","true","true","true","Foot reflexology in Suisse: complete guide &amp; benefits | Holi","64","true","true","910","4","liée","SSR","25 types","INDEXABLE_ET_PRIORITAIRE","","","aucune","2"
"https://holiswiss.ch/fr/blog/osteopathie-holistique-suisse-differences-kine-chiro","article","200","https://holiswiss.ch/fr/blog/osteopathie-holistique-suisse-differences-kine-chiro","0","allowed","","index, follow","https://holiswiss.ch/fr/blog/osteopathie-holistique-suisse-differences-kine-chiro","true","true","true","Osteopathie holistique : trouver un therapeute en Suisse | H","60","true","true","661","4","liée","SSR","25 types","INDEXABLE_ET_PRIORITAIRE","","","aucune","2"
"https://holiswiss.ch/de/blog/holistische-osteopathie-schweiz-physio-chiro","article","200","https://holiswiss.ch/de/blog/holistische-osteopathie-schweiz-physio-chiro","0","allowed","","index, follow","https://holiswiss.ch/de/blog/holistische-osteopathie-schweiz-physio-chiro","true","true","true","Holistische Osteopathie in der Schweiz: Physio, Chiro und Wo","60","true","true","886","4","liée","SSR","25 types","INDEXABLE_ET_PRIORITAIRE","","","aucune","2"
"https://holiswiss.ch/it/blog/osteopathie-holistique-suisse-differences-kine-chiro","article","200","https://holiswiss.ch/it/blog/osteopathie-holistique-suisse-differences-kine-chiro","0","allowed","","index, follow","https://holiswiss.ch/it/blog/osteopathie-holistique-suisse-differences-kine-chiro","true","true","true","Osteopatia olistica in Svizzera: fisioterapia, chiropratica","59","true","true","887","4","liée","SSR","25 types","INDEXABLE_ET_PRIORITAIRE","","","aucune","2"
"https://holiswiss.ch/en/blog/osteopathie-holistique-suisse-differences-kine-chiro","article","200","https://holiswiss.ch/en/blog/osteopathie-holistique-suisse-differences-kine-chiro","0","allowed","","index, follow","https://holiswiss.ch/en/blog/osteopathie-holistique-suisse-differences-kine-chiro","true","true","true","Holistic osteopathy in Switzerland: physio, chiro and well-b","60","true","true","828","4","liée","SSR","25 types","INDEXABLE_ET_PRIORITAIRE","","","aucune","2"
"https://holiswiss.ch/fr/blog/migraine-traitement-naturel-suisse-acupuncture-osteopathie","article","200","https://holiswiss.ch/fr/blog/migraine-traitement-naturel-suisse-acupuncture-osteopathie","0","allowed","","index, follow","https://holiswiss.ch/fr/blog/migraine-traitement-naturel-suisse-acupuncture-osteopathie","true","true","true","Acupuncture &amp; Ostéopathie : Accompagner la Migraine | HoliSw","64","true","true","1418","2","liée","SSR","25 types","INDEXABLE_ET_PRIORITAIRE","","","aucune","2"
"https://holiswiss.ch/de/blog/akupunktur-osteopathie-schweiz-migraene","article","200","https://holiswiss.ch/de/blog/akupunktur-osteopathie-schweiz-migraene","0","allowed","","index, follow","https://holiswiss.ch/de/blog/akupunktur-osteopathie-schweiz-migraene","true","true","true","Akupunktur &amp; Osteopathie: Begleitung bei Migräne | HoliSwiss","64","true","true","1354","2","liée","SSR","25 types","INDEXABLE_ET_PRIORITAIRE","","","aucune","2"
"https://holiswiss.ch/it/blog/migraine-traitement-naturel-suisse-acupuncture-osteopathie","article","200","https://holiswiss.ch/it/blog/migraine-traitement-naturel-suisse-acupuncture-osteopathie","0","allowed","","index, follow","https://holiswiss.ch/it/blog/migraine-traitement-naturel-suisse-acupuncture-osteopathie","true","true","true","Agopuntura &amp; Osteopatia: Accompagnare l&#x27;Emicrania | HoliSwis","69","true","true","1418","2","liée","SSR","25 types","INDEXABLE_MAIS_A_AMELIORER","","title 69 car.","enrichir avant de pousser","3"
"https://holiswiss.ch/en/blog/migraine-traitement-naturel-suisse-acupuncture-osteopathie","article","200","https://holiswiss.ch/en/blog/migraine-traitement-naturel-suisse-acupuncture-osteopathie","0","allowed","","index, follow","https://holiswiss.ch/en/blog/migraine-traitement-naturel-suisse-acupuncture-osteopathie","true","true","true","Acupuncture &amp; Osteopathy: Supporting Migraine Relief | HoliS","64","true","true","1344","2","liée","SSR","25 types","INDEXABLE_ET_PRIORITAIRE","","","aucune","2"
"https://holiswiss.ch/fr/blog/chromotherapie-suisse-guide-complet-luminotherapie","article","200","https://holiswiss.ch/fr/blog/chromotherapie-suisse-guide-complet-luminotherapie","0","allowed","","index, follow","https://holiswiss.ch/fr/blog/chromotherapie-suisse-guide-complet-luminotherapie","true","true","true","Chromothérapie Suisse : Guide complet de la luminothérapie |","60","true","true","843","5","liée","SSR","25 types","INDEXABLE_ET_PRIORITAIRE","","","aucune","2"
"https://holiswiss.ch/de/blog/chromotherapie-schweiz-lichttherapie-leitfaden","article","200","https://holiswiss.ch/de/blog/chromotherapie-schweiz-lichttherapie-leitfaden","0","allowed","","index, follow","https://holiswiss.ch/de/blog/chromotherapie-schweiz-lichttherapie-leitfaden","true","true","true","Chromotherapie Schweiz: Vollständiger Leitfaden zur Lichtthe","60","true","true","818","5","liée","SSR","25 types","INDEXABLE_ET_PRIORITAIRE","","","aucune","2"
"https://holiswiss.ch/it/blog/chromotherapie-suisse-guide-complet-luminotherapie","article","200","https://holiswiss.ch/it/blog/chromotherapie-suisse-guide-complet-luminotherapie","0","allowed","","index, follow","https://holiswiss.ch/it/blog/chromotherapie-suisse-guide-complet-luminotherapie","true","true","true","Cromoterapia Svizzera: Guida completa alla luminoterapia | H","60","true","true","792","5","liée","SSR","25 types","INDEXABLE_ET_PRIORITAIRE","","","aucune","2"
"https://holiswiss.ch/en/blog/chromotherapie-suisse-guide-complet-luminotherapie","article","200","https://holiswiss.ch/en/blog/chromotherapie-suisse-guide-complet-luminotherapie","0","allowed","","index, follow","https://holiswiss.ch/en/blog/chromotherapie-suisse-guide-complet-luminotherapie","true","true","true","Swiss Chromotherapy: A Comprehensive Guide to Light Therapy","59","true","true","771","5","liée","SSR","25 types","INDEXABLE_ET_PRIORITAIRE","","","aucune","2"
"https://holiswiss.ch/fr/blog/magnetisme-chakras-equilibre-energetique-vitalite-suisse","article","200","https://holiswiss.ch/fr/blog/magnetisme-chakras-equilibre-energetique-vitalite-suisse","0","allowed","","index, follow","https://holiswiss.ch/fr/blog/magnetisme-chakras-equilibre-energetique-vitalite-suisse","true","true","true","Magnetisme et Chakras : Équilibre Énergétique Suisse | HoliS","60","true","true","1438","1","liée","SSR","25 types","INDEXABLE_ET_PRIORITAIRE","","","aucune","2"
"https://holiswiss.ch/de/blog/magnetismus-chakren-schweiz-energetisches-gleichgewicht","article","200","https://holiswiss.ch/de/blog/magnetismus-chakren-schweiz-energetisches-gleichgewicht","0","allowed","","index, follow","https://holiswiss.ch/de/blog/magnetismus-chakren-schweiz-energetisches-gleichgewicht","true","true","true","Magnetismus und Chakren: Schweizer energetisches Gleichgewic","60","true","true","1328","1","liée","SSR","25 types","INDEXABLE_ET_PRIORITAIRE","","","aucune","2"
"https://holiswiss.ch/it/blog/magnetisme-chakras-equilibre-energetique-vitalite-suisse","article","200","https://holiswiss.ch/it/blog/magnetisme-chakras-equilibre-energetique-vitalite-suisse","0","allowed","","index, follow","https://holiswiss.ch/it/blog/magnetisme-chakras-equilibre-energetique-vitalite-suisse","true","true","true","Magnetismo e Chakra: Equilibrio Energetico Svizzero | HoliSw","60","true","true","1344","1","liée","SSR","25 types","INDEXABLE_ET_PRIORITAIRE","","","aucune","2"
"https://holiswiss.ch/en/blog/magnetisme-chakras-equilibre-energetique-vitalite-suisse","article","200","https://holiswiss.ch/en/blog/magnetisme-chakras-equilibre-energetique-vitalite-suisse","0","allowed","","index, follow","https://holiswiss.ch/en/blog/magnetisme-chakras-equilibre-energetique-vitalite-suisse","true","true","true","Magnetism and Chakras: Swiss Energy Balance | HoliSwiss","55","true","true","1279","1","liée","SSR","25 types","INDEXABLE_ET_PRIORITAIRE","","","aucune","2"
"https://holiswiss.ch/fr/blog/menopause-bouffees-chaleur-acupuncture-phytotherapie-suisse","article","200","https://holiswiss.ch/fr/blog/menopause-bouffees-chaleur-acupuncture-phytotherapie-suisse","0","allowed","","index, follow","https://holiswiss.ch/fr/blog/menopause-bouffees-chaleur-acupuncture-phytotherapie-suisse","true","true","true","Acupuncture et ménopause : solutions naturelles en Suisse |","59","true","true","834","2","liée","SSR","25 types","INDEXABLE_ET_PRIORITAIRE","","","aucune","2"
"https://holiswiss.ch/de/blog/akupunktur-menopause-schweiz","article","200","https://holiswiss.ch/de/blog/akupunktur-menopause-schweiz","0","allowed","","index, follow","https://holiswiss.ch/de/blog/akupunktur-menopause-schweiz","true","true","true","Akupunktur und Menopause: Natürliche Lösungen in der Schweiz","60","true","true","839","2","liée","SSR","25 types","INDEXABLE_ET_PRIORITAIRE","","","aucune","2"
"https://holiswiss.ch/it/blog/menopause-bouffees-chaleur-acupuncture-phytotherapie-suisse","article","200","https://holiswiss.ch/it/blog/menopause-bouffees-chaleur-acupuncture-phytotherapie-suisse","0","allowed","","index, follow","https://holiswiss.ch/it/blog/menopause-bouffees-chaleur-acupuncture-phytotherapie-suisse","true","true","true","Agopuntura e menopausa: soluzioni naturali in Svizzera | Hol","60","true","true","877","2","liée","SSR","25 types","INDEXABLE_ET_PRIORITAIRE","","","aucune","2"
"https://holiswiss.ch/en/blog/menopause-bouffees-chaleur-acupuncture-phytotherapie-suisse","article","200","https://holiswiss.ch/en/blog/menopause-bouffees-chaleur-acupuncture-phytotherapie-suisse","0","allowed","","index, follow","https://holiswiss.ch/en/blog/menopause-bouffees-chaleur-acupuncture-phytotherapie-suisse","true","true","true","Acupuncture and menopause: natural solutions in Switzerland","59","true","true","817","2","liée","SSR","25 types","INDEXABLE_ET_PRIORITAIRE","","","aucune","2"
"https://holiswiss.ch/fr/blog/fibromyalgie-acupuncture-osteopathie-massage-suisse-romande","article","200","https://holiswiss.ch/fr/blog/fibromyalgie-acupuncture-osteopathie-massage-suisse-romande","0","allowed","","index, follow","https://holiswiss.ch/fr/blog/fibromyalgie-acupuncture-osteopathie-massage-suisse-romande","true","true","true","Acupuncture, ostéopathie et massage en Suisse romande | Holi","60","true","true","1340","2","liée","SSR","25 types","INDEXABLE_ET_PRIORITAIRE","","","aucune","2"
"https://holiswiss.ch/de/blog/fibromyalgie-westschweiz-akupunktur-osteopathie-massage","article","200","https://holiswiss.ch/de/blog/fibromyalgie-westschweiz-akupunktur-osteopathie-massage","0","allowed","","index, follow","https://holiswiss.ch/de/blog/fibromyalgie-westschweiz-akupunktur-osteopathie-massage","true","true","true","Akupunktur, Osteopathie und Massage in der Westschweiz | Hol","60","true","true","1330","2","liée","SSR","25 types","INDEXABLE_ET_PRIORITAIRE","","","aucune","2"
"https://holiswiss.ch/it/blog/fibromyalgie-acupuncture-osteopathie-massage-suisse-romande","article","200","https://holiswiss.ch/it/blog/fibromyalgie-acupuncture-osteopathie-massage-suisse-romande","0","allowed","","index, follow","https://holiswiss.ch/it/blog/fibromyalgie-acupuncture-osteopathie-massage-suisse-romande","true","true","true","Agopuntura, osteopatia e massaggio nella Svizzera romanda |","59","true","true","1331","2","liée","SSR","25 types","INDEXABLE_ET_PRIORITAIRE","","","aucune","2"
"https://holiswiss.ch/en/blog/fibromyalgie-acupuncture-osteopathie-massage-suisse-romande","article","200","https://holiswiss.ch/en/blog/fibromyalgie-acupuncture-osteopathie-massage-suisse-romande","0","allowed","","index, follow","https://holiswiss.ch/en/blog/fibromyalgie-acupuncture-osteopathie-massage-suisse-romande","true","true","true","Acupuncture, osteopathy and massage in French-speaking Switz","60","true","true","1271","2","liée","SSR","25 types","INDEXABLE_ET_PRIORITAIRE","","","aucune","2"
"https://holiswiss.ch/fr/blog/endometriose-acupuncture-naturopathie-suisse","article","200","https://holiswiss.ch/fr/blog/endometriose-acupuncture-naturopathie-suisse","0","allowed","","index, follow","https://holiswiss.ch/fr/blog/endometriose-acupuncture-naturopathie-suisse","true","true","true","Acupuncture endométriose : accompagnement holistique Suisse","59","true","true","993","2","liée","SSR","25 types","INDEXABLE_ET_PRIORITAIRE","","","aucune","2"
"https://holiswiss.ch/de/blog/akupunktur-endometriose-schweiz","article","200","https://holiswiss.ch/de/blog/akupunktur-endometriose-schweiz","0","allowed","","index, follow","https://holiswiss.ch/de/blog/akupunktur-endometriose-schweiz","true","true","true","Akupunktur bei Endometriose: Ganzheitliche Begleitung in der","60","true","true","1010","2","liée","SSR","25 types","INDEXABLE_ET_PRIORITAIRE","","","aucune","2"
"https://holiswiss.ch/it/blog/endometriose-acupuncture-naturopathie-suisse","article","200","https://holiswiss.ch/it/blog/endometriose-acupuncture-naturopathie-suisse","0","allowed","","index, follow","https://holiswiss.ch/it/blog/endometriose-acupuncture-naturopathie-suisse","true","true","true","Agopuntura endometriosi: accompagnamento olistico Svizzera |","60","true","true","995","2","liée","SSR","25 types","INDEXABLE_ET_PRIORITAIRE","","","aucune","2"
"https://holiswiss.ch/en/blog/endometriose-acupuncture-naturopathie-suisse","article","200","https://holiswiss.ch/en/blog/endometriose-acupuncture-naturopathie-suisse","0","allowed","","index, follow","https://holiswiss.ch/en/blog/endometriose-acupuncture-naturopathie-suisse","true","true","true","Acupuncture for endometriosis: holistic support in Switzerla","60","true","true","987","2","liée","SSR","25 types","INDEXABLE_ET_PRIORITAIRE","","","aucune","2"
"https://holiswiss.ch/fr/blog/eczema-atopique-traitement-naturel-suisse-aromatherapie-phytotherapie","article","200","https://holiswiss.ch/fr/blog/eczema-atopique-traitement-naturel-suisse-aromatherapie-phytotherapie","0","allowed","","index, follow","https://holiswiss.ch/fr/blog/eczema-atopique-traitement-naturel-suisse-aromatherapie-phytotherapie","true","true","true","Aromatherapie pour accompagner l&#x27;eczéma atopique en Suisse |","65","true","true","1142","2","liée","SSR","25 types","INDEXABLE_ET_PRIORITAIRE","","","aucune","2"
"https://holiswiss.ch/de/blog/aromatherapie-atopisches-ekzem-schweiz","article","200","https://holiswiss.ch/de/blog/aromatherapie-atopisches-ekzem-schweiz","0","allowed","","index, follow","https://holiswiss.ch/de/blog/aromatherapie-atopisches-ekzem-schweiz","true","true","true","Aromatherapie zur Begleitung bei atopischem Ekzem in der Sch","60","true","true","1066","2","liée","SSR","25 types","INDEXABLE_ET_PRIORITAIRE","","","aucune","2"
"https://holiswiss.ch/it/blog/eczema-atopique-traitement-naturel-suisse-aromatherapie-phytotherapie","article","200","https://holiswiss.ch/it/blog/eczema-atopique-traitement-naturel-suisse-aromatherapie-phytotherapie","0","allowed","","index, follow","https://holiswiss.ch/it/blog/eczema-atopique-traitement-naturel-suisse-aromatherapie-phytotherapie","true","true","true","Aromaterapia per accompagnare l&#x27;eczema atopico in Svizzera |","65","true","true","1096","2","liée","SSR","25 types","INDEXABLE_ET_PRIORITAIRE","","","aucune","2"
"https://holiswiss.ch/en/blog/eczema-atopique-traitement-naturel-suisse-aromatherapie-phytotherapie","article","200","https://holiswiss.ch/en/blog/eczema-atopique-traitement-naturel-suisse-aromatherapie-phytotherapie","0","allowed","","index, follow","https://holiswiss.ch/en/blog/eczema-atopique-traitement-naturel-suisse-aromatherapie-phytotherapie","true","true","true","Aromatherapy to support atopic eczema in Suisse | HoliSwiss","59","true","true","1052","2","liée","SSR","25 types","INDEXABLE_ET_PRIORITAIRE","","","aucune","2"
"https://holiswiss.ch/fr/blog/ayurveda-dosha-saisons-suisse-alemanique","article","200","https://holiswiss.ch/fr/blog/ayurveda-dosha-saisons-suisse-alemanique","0","allowed","","index, follow","https://holiswiss.ch/fr/blog/ayurveda-dosha-saisons-suisse-alemanique","true","true","true","Ayurveda et Doshas : adapter les 4 saisons en Suisse | HoliS","60","true","true","945","1","liée","SSR","25 types","INDEXABLE_ET_PRIORITAIRE","","","aucune","2"
"https://holiswiss.ch/de/blog/ayurveda-doshas-jahreszeiten-schweiz","article","200","https://holiswiss.ch/de/blog/ayurveda-doshas-jahreszeiten-schweiz","0","allowed","","index, follow","https://holiswiss.ch/de/blog/ayurveda-doshas-jahreszeiten-schweiz","true","true","true","Ayurveda und Doshas: Die 4 Jahreszeiten in der Schweiz anpas","60","true","true","907","1","liée","SSR","25 types","INDEXABLE_ET_PRIORITAIRE","","","aucune","2"
"https://holiswiss.ch/it/blog/ayurveda-dosha-saisons-suisse-alemanique","article","200","https://holiswiss.ch/it/blog/ayurveda-dosha-saisons-suisse-alemanique","0","allowed","","index, follow","https://holiswiss.ch/it/blog/ayurveda-dosha-saisons-suisse-alemanique","true","true","true","Ayurveda e Dosha: adattare le 4 stagioni in Svizzera | HoliS","60","true","true","919","1","liée","SSR","25 types","INDEXABLE_ET_PRIORITAIRE","","","aucune","2"
"https://holiswiss.ch/en/blog/ayurveda-dosha-saisons-suisse-alemanique","article","200","https://holiswiss.ch/en/blog/ayurveda-dosha-saisons-suisse-alemanique","0","allowed","","index, follow","https://holiswiss.ch/en/blog/ayurveda-dosha-saisons-suisse-alemanique","true","true","true","Ayurveda and Doshas: Adapting to the 4 Seasons in Suisse | H","60","true","true","876","1","liée","SSR","25 types","INDEXABLE_ET_PRIORITAIRE","","","aucune","2"
"https://holiswiss.ch/fr/blog/categorie/meditation","article","200","https://holiswiss.ch/fr/blog/categorie/meditation","0","allowed","","index, follow","https://holiswiss.ch/fr/blog/categorie/meditation","true","true","true","Méditation en Suisse — Articles &amp; guides | Holiswiss","56","true","true","353","0","orpheline","SSR","17 types","INDEXABLE_MAIS_A_AMELIORER","","orpheline (0 lien interne entrant)","enrichir avant de pousser","3"
"https://holiswiss.ch/de/blog/categorie/meditation","article","200","https://holiswiss.ch/de/blog/categorie/meditation","0","allowed","","index, follow","https://holiswiss.ch/de/blog/categorie/meditation","true","true","true","Meditation in der Schweiz — Artikel &amp; Ratgeber | Holiswiss","62","true","true","345","0","orpheline","SSR","17 types","INDEXABLE_MAIS_A_AMELIORER","","orpheline (0 lien interne entrant)","enrichir avant de pousser","3"
"https://holiswiss.ch/it/blog/categorie/meditation","article","200","https://holiswiss.ch/it/blog/categorie/meditation","0","allowed","","index, follow","https://holiswiss.ch/it/blog/categorie/meditation","true","true","true","Meditazione in Svizzera — Articoli &amp; guide | Holiswiss","58","true","true","350","0","orpheline","SSR","17 types","INDEXABLE_MAIS_A_AMELIORER","","orpheline (0 lien interne entrant)","enrichir avant de pousser","3"
"https://holiswiss.ch/en/blog/categorie/meditation","article","200","https://holiswiss.ch/en/blog/categorie/meditation","0","allowed","","index, follow","https://holiswiss.ch/en/blog/categorie/meditation","true","true","true","Meditation in Switzerland — Articles &amp; guides | Holiswiss","61","true","true","331","0","orpheline","SSR","17 types","INDEXABLE_MAIS_A_AMELIORER","","orpheline (0 lien interne entrant)","enrichir avant de pousser","3"
"https://holiswiss.ch/fr/blog/categorie/bien-etre","article","200","https://holiswiss.ch/fr/blog/categorie/bien-etre","0","allowed","","index, follow","https://holiswiss.ch/fr/blog/categorie/bien-etre","true","true","true","Bien-être général en Suisse — Articles &amp; guides | Holiswiss","63","true","true","602","0","orpheline","SSR","24 types","INDEXABLE_MAIS_A_AMELIORER","","orpheline (0 lien interne entrant)","enrichir avant de pousser","3"
"https://holiswiss.ch/de/blog/categorie/bien-etre","article","200","https://holiswiss.ch/de/blog/categorie/bien-etre","0","allowed","","index, follow","https://holiswiss.ch/de/blog/categorie/bien-etre","true","true","true","Allgemeines Wohlbefinden in der Schweiz — Artikel &amp; Ratgeber | Holiswiss","76","true","true","617","0","orpheline","SSR","24 types","INDEXABLE_MAIS_A_AMELIORER","","title 76 car. ; orpheline (0 lien interne entrant)","enrichir avant de pousser","3"
"https://holiswiss.ch/it/blog/categorie/bien-etre","article","200","https://holiswiss.ch/it/blog/categorie/bien-etre","0","allowed","","index, follow","https://holiswiss.ch/it/blog/categorie/bien-etre","true","true","true","Benessere generale in Svizzera — Articoli &amp; guide | Holiswiss","65","true","true","632","0","orpheline","SSR","24 types","INDEXABLE_MAIS_A_AMELIORER","","orpheline (0 lien interne entrant)","enrichir avant de pousser","3"
"https://holiswiss.ch/en/blog/categorie/bien-etre","article","200","https://holiswiss.ch/en/blog/categorie/bien-etre","0","allowed","","index, follow","https://holiswiss.ch/en/blog/categorie/bien-etre","true","true","true","General well-being in Switzerland — Articles &amp; guides | Holiswiss","69","true","true","606","0","orpheline","SSR","24 types","INDEXABLE_MAIS_A_AMELIORER","","title 69 car. ; orpheline (0 lien interne entrant)","enrichir avant de pousser","3"
"https://holiswiss.ch/fr/blog/categorie/massage-bien-etre","article","200","https://holiswiss.ch/fr/blog/categorie/massage-bien-etre","0","allowed","","index, follow","https://holiswiss.ch/fr/blog/categorie/massage-bien-etre","true","true","true","Massage bien-être en Suisse — Articles &amp; guides | Holiswiss","63","true","true","315","0","orpheline","SSR","16 types","INDEXABLE_MAIS_A_AMELIORER","","orpheline (0 lien interne entrant)","enrichir avant de pousser","3"
"https://holiswiss.ch/de/blog/categorie/massage-bien-etre","article","200","https://holiswiss.ch/de/blog/categorie/massage-bien-etre","0","allowed","","index, follow","https://holiswiss.ch/de/blog/categorie/massage-bien-etre","true","true","true","Wellness-Massage in der Schweiz — Artikel &amp; Ratgeber | Holiswiss","68","true","true","313","0","orpheline","SSR","16 types","INDEXABLE_MAIS_A_AMELIORER","","title 68 car. ; orpheline (0 lien interne entrant)","enrichir avant de pousser","3"
"https://holiswiss.ch/it/blog/categorie/massage-bien-etre","article","200","https://holiswiss.ch/it/blog/categorie/massage-bien-etre","0","allowed","","index, follow","https://holiswiss.ch/it/blog/categorie/massage-bien-etre","true","true","true","Massaggio benessere in Svizzera — Articoli &amp; guide | Holiswiss","66","true","true","336","0","orpheline","SSR","16 types","INDEXABLE_MAIS_A_AMELIORER","","title 66 car. ; orpheline (0 lien interne entrant)","enrichir avant de pousser","3"
"https://holiswiss.ch/en/blog/categorie/massage-bien-etre","article","200","https://holiswiss.ch/en/blog/categorie/massage-bien-etre","0","allowed","","index, follow","https://holiswiss.ch/en/blog/categorie/massage-bien-etre","true","true","true","Wellness massage in Switzerland — Articles &amp; guides | Holiswiss","67","true","true","328","0","orpheline","SSR","16 types","INDEXABLE_MAIS_A_AMELIORER","","title 67 car. ; orpheline (0 lien interne entrant)","enrichir avant de pousser","3"
"https://holiswiss.ch/fr/blog/categorie/osteopathie","article","200","https://holiswiss.ch/fr/blog/categorie/osteopathie","0","allowed","","index, follow","https://holiswiss.ch/fr/blog/categorie/osteopathie","true","true","true","Ostéopathie en Suisse — Articles &amp; guides | Holiswiss","57","true","true","285","0","orpheline","SSR","15 types","INDEXABLE_MAIS_A_AMELIORER","","orpheline (0 lien interne entrant)","enrichir avant de pousser","3"
"https://holiswiss.ch/de/blog/categorie/osteopathie","article","200","https://holiswiss.ch/de/blog/categorie/osteopathie","0","allowed","","index, follow","https://holiswiss.ch/de/blog/categorie/osteopathie","true","true","true","Osteopathie in der Schweiz — Artikel &amp; Ratgeber | Holiswiss","63","true","true","271","0","orpheline","SSR","15 types","INDEXABLE_MAIS_A_AMELIORER","","orpheline (0 lien interne entrant)","enrichir avant de pousser","3"
"https://holiswiss.ch/it/blog/categorie/osteopathie","article","200","https://holiswiss.ch/it/blog/categorie/osteopathie","0","allowed","","index, follow","https://holiswiss.ch/it/blog/categorie/osteopathie","true","true","true","Osteopatia in Svizzera — Articoli &amp; guide | Holiswiss","57","true","true","292","0","orpheline","SSR","15 types","INDEXABLE_MAIS_A_AMELIORER","","orpheline (0 lien interne entrant)","enrichir avant de pousser","3"
"https://holiswiss.ch/en/blog/categorie/osteopathie","article","200","https://holiswiss.ch/en/blog/categorie/osteopathie","0","allowed","","index, follow","https://holiswiss.ch/en/blog/categorie/osteopathie","true","true","true","Osteopathy in Switzerland — Articles &amp; guides | Holiswiss","61","true","true","277","0","orpheline","SSR","15 types","INDEXABLE_MAIS_A_AMELIORER","","orpheline (0 lien interne entrant)","enrichir avant de pousser","3"
"https://holiswiss.ch/fr/blog/categorie/lithotherapie","article","200","https://holiswiss.ch/fr/blog/categorie/lithotherapie","0","allowed","","index, follow","https://holiswiss.ch/fr/blog/categorie/lithotherapie","true","true","true","Lithothérapie en Suisse — Articles &amp; guides | Holiswiss","59","true","true","246","0","orpheline","SSR","14 types","INDEXABLE_MAIS_A_AMELIORER","","contenu mince (246 mots) ; orpheline (0 lien interne entrant)","enrichir avant de pousser","3"
"https://holiswiss.ch/de/blog/categorie/lithotherapie","article","200","https://holiswiss.ch/de/blog/categorie/lithotherapie","0","allowed","","index, follow","https://holiswiss.ch/de/blog/categorie/lithotherapie","true","true","true","Lithotherapie in der Schweiz — Artikel &amp; Ratgeber | Holiswiss","65","true","true","239","0","orpheline","SSR","14 types","INDEXABLE_MAIS_A_AMELIORER","","contenu mince (239 mots) ; orpheline (0 lien interne entrant)","enrichir avant de pousser","3"
"https://holiswiss.ch/it/blog/categorie/lithotherapie","article","200","https://holiswiss.ch/it/blog/categorie/lithotherapie","0","allowed","","index, follow","https://holiswiss.ch/it/blog/categorie/lithotherapie","true","true","true","Litoterapia in Svizzera — Articoli &amp; guide | Holiswiss","58","true","true","248","0","orpheline","SSR","14 types","INDEXABLE_MAIS_A_AMELIORER","","contenu mince (248 mots) ; orpheline (0 lien interne entrant)","enrichir avant de pousser","3"
"https://holiswiss.ch/en/blog/categorie/lithotherapie","article","200","https://holiswiss.ch/en/blog/categorie/lithotherapie","0","allowed","","index, follow","https://holiswiss.ch/en/blog/categorie/lithotherapie","true","true","true","Lithotherapy in Switzerland — Articles &amp; guides | Holiswiss","63","true","true","234","0","orpheline","SSR","14 types","INDEXABLE_MAIS_A_AMELIORER","","contenu mince (234 mots) ; orpheline (0 lien interne entrant)","enrichir avant de pousser","3"
"https://holiswiss.ch/fr/blog/categorie/spiritualite","article","200","https://holiswiss.ch/fr/blog/categorie/spiritualite","0","allowed","","index, follow","https://holiswiss.ch/fr/blog/categorie/spiritualite","true","true","true","Spiritualité en Suisse — Articles &amp; guides | Holiswiss","58","true","true","244","0","orpheline","SSR","14 types","INDEXABLE_MAIS_A_AMELIORER","","contenu mince (244 mots) ; orpheline (0 lien interne entrant)","enrichir avant de pousser","3"
"https://holiswiss.ch/de/blog/categorie/spiritualite","article","200","https://holiswiss.ch/de/blog/categorie/spiritualite","0","allowed","","index, follow","https://holiswiss.ch/de/blog/categorie/spiritualite","true","true","true","Spiritualität in der Schweiz — Artikel &amp; Ratgeber | Holiswiss","65","true","true","238","0","orpheline","SSR","14 types","INDEXABLE_MAIS_A_AMELIORER","","contenu mince (238 mots) ; orpheline (0 lien interne entrant)","enrichir avant de pousser","3"
"https://holiswiss.ch/it/blog/categorie/spiritualite","article","200","https://holiswiss.ch/it/blog/categorie/spiritualite","0","allowed","","index, follow","https://holiswiss.ch/it/blog/categorie/spiritualite","true","true","true","Spiritualità in Svizzera — Articoli &amp; guide | Holiswiss","59","true","true","247","0","orpheline","SSR","14 types","INDEXABLE_MAIS_A_AMELIORER","","contenu mince (247 mots) ; orpheline (0 lien interne entrant)","enrichir avant de pousser","3"
"https://holiswiss.ch/en/blog/categorie/spiritualite","article","200","https://holiswiss.ch/en/blog/categorie/spiritualite","0","allowed","","index, follow","https://holiswiss.ch/en/blog/categorie/spiritualite","true","true","true","Spirituality in Switzerland — Articles &amp; guides | Holiswiss","63","true","true","232","0","orpheline","SSR","14 types","INDEXABLE_MAIS_A_AMELIORER","","contenu mince (232 mots) ; orpheline (0 lien interne entrant)","enrichir avant de pousser","3"
"https://holiswiss.ch/fr/blog/categorie/naturopathie","article","200","https://holiswiss.ch/fr/blog/categorie/naturopathie","0","allowed","","index, follow","https://holiswiss.ch/fr/blog/categorie/naturopathie","true","true","true","Naturopathie en Suisse — Articles &amp; guides | Holiswiss","58","true","true","283","0","orpheline","SSR","15 types","INDEXABLE_MAIS_A_AMELIORER","","orpheline (0 lien interne entrant)","enrichir avant de pousser","3"
"https://holiswiss.ch/de/blog/categorie/naturopathie","article","200","https://holiswiss.ch/de/blog/categorie/naturopathie","0","allowed","","index, follow","https://holiswiss.ch/de/blog/categorie/naturopathie","true","true","true","Naturheilkunde in der Schweiz — Artikel &amp; Ratgeber | Holiswiss","66","true","true","276","0","orpheline","SSR","15 types","INDEXABLE_MAIS_A_AMELIORER","","title 66 car. ; orpheline (0 lien interne entrant)","enrichir avant de pousser","3"
"https://holiswiss.ch/it/blog/categorie/naturopathie","article","200","https://holiswiss.ch/it/blog/categorie/naturopathie","0","allowed","","index, follow","https://holiswiss.ch/it/blog/categorie/naturopathie","true","true","true","Naturopatia in Svizzera — Articoli &amp; guide | Holiswiss","58","true","true","284","0","orpheline","SSR","15 types","INDEXABLE_MAIS_A_AMELIORER","","orpheline (0 lien interne entrant)","enrichir avant de pousser","3"
"https://holiswiss.ch/en/blog/categorie/naturopathie","article","200","https://holiswiss.ch/en/blog/categorie/naturopathie","0","allowed","","index, follow","https://holiswiss.ch/en/blog/categorie/naturopathie","true","true","true","Naturopathy in Switzerland — Articles &amp; guides | Holiswiss","62","true","true","277","0","orpheline","SSR","15 types","INDEXABLE_MAIS_A_AMELIORER","","orpheline (0 lien interne entrant)","enrichir avant de pousser","3"
"https://holiswiss.ch/fr/blog/categorie/developpement-personnel","article","200","https://holiswiss.ch/fr/blog/categorie/developpement-personnel","0","allowed","","index, follow","https://holiswiss.ch/fr/blog/categorie/developpement-personnel","true","true","true","Développement personnel en Suisse — Articles &amp; guides | Holiswiss","69","true","true","242","0","orpheline","SSR","14 types","INDEXABLE_MAIS_A_AMELIORER","","contenu mince (242 mots) ; title 69 car. ; orpheline (0 lien interne entrant)","enrichir avant de pousser","3"
"https://holiswiss.ch/de/blog/categorie/developpement-personnel","article","200","https://holiswiss.ch/de/blog/categorie/developpement-personnel","0","allowed","","index, follow","https://holiswiss.ch/de/blog/categorie/developpement-personnel","true","true","true","Persönliche Entwicklung in der Schweiz — Artikel &amp; Ratgeber | Holiswiss","75","true","true","236","0","orpheline","SSR","14 types","INDEXABLE_MAIS_A_AMELIORER","","contenu mince (236 mots) ; title 75 car. ; orpheline (0 lien interne entrant)","enrichir avant de pousser","3"
"https://holiswiss.ch/it/blog/categorie/developpement-personnel","article","200","https://holiswiss.ch/it/blog/categorie/developpement-personnel","0","allowed","","index, follow","https://holiswiss.ch/it/blog/categorie/developpement-personnel","true","true","true","Sviluppo personale in Svizzera — Articoli &amp; guide | Holiswiss","65","true","true","235","0","orpheline","SSR","14 types","INDEXABLE_MAIS_A_AMELIORER","","contenu mince (235 mots) ; orpheline (0 lien interne entrant)","enrichir avant de pousser","3"
"https://holiswiss.ch/en/blog/categorie/developpement-personnel","article","200","https://holiswiss.ch/en/blog/categorie/developpement-personnel","0","allowed","","index, follow","https://holiswiss.ch/en/blog/categorie/developpement-personnel","true","true","true","Personal development in Switzerland — Articles &amp; guides | Holiswiss","71","true","true","230","0","orpheline","SSR","14 types","INDEXABLE_MAIS_A_AMELIORER","","contenu mince (230 mots) ; title 71 car. ; orpheline (0 lien interne entrant)","enrichir avant de pousser","3"
"https://holiswiss.ch/fr/blog/categorie/acupuncture","article","200","https://holiswiss.ch/fr/blog/categorie/acupuncture","0","allowed","","index, follow","https://holiswiss.ch/fr/blog/categorie/acupuncture","true","true","true","Acupuncture en Suisse — Articles &amp; guides | Holiswiss","57","true","true","320","0","orpheline","SSR","16 types","INDEXABLE_MAIS_A_AMELIORER","","orpheline (0 lien interne entrant)","enrichir avant de pousser","3"
"https://holiswiss.ch/de/blog/categorie/acupuncture","article","200","https://holiswiss.ch/de/blog/categorie/acupuncture","0","allowed","","index, follow","https://holiswiss.ch/de/blog/categorie/acupuncture","true","true","true","Akupunktur in der Schweiz — Artikel &amp; Ratgeber | Holiswiss","62","true","true","311","0","orpheline","SSR","16 types","INDEXABLE_MAIS_A_AMELIORER","","orpheline (0 lien interne entrant)","enrichir avant de pousser","3"
"https://holiswiss.ch/it/blog/categorie/acupuncture","article","200","https://holiswiss.ch/it/blog/categorie/acupuncture","0","allowed","","index, follow","https://holiswiss.ch/it/blog/categorie/acupuncture","true","true","true","Agopuntura in Svizzera — Articoli &amp; guide | Holiswiss","57","true","true","320","0","orpheline","SSR","16 types","INDEXABLE_MAIS_A_AMELIORER","","orpheline (0 lien interne entrant)","enrichir avant de pousser","3"
"https://holiswiss.ch/en/blog/categorie/acupuncture","article","200","https://holiswiss.ch/en/blog/categorie/acupuncture","0","allowed","","index, follow","https://holiswiss.ch/en/blog/categorie/acupuncture","true","true","true","Acupuncture in Switzerland — Articles &amp; guides | Holiswiss","62","true","true","309","0","orpheline","SSR","16 types","INDEXABLE_MAIS_A_AMELIORER","","orpheline (0 lien interne entrant)","enrichir avant de pousser","3"
"https://holiswiss.ch/fr/blog/categorie/aromatherapie","article","200","https://holiswiss.ch/fr/blog/categorie/aromatherapie","0","allowed","","index, follow","https://holiswiss.ch/fr/blog/categorie/aromatherapie","true","true","true","Aromathérapie en Suisse — Articles &amp; guides | Holiswiss","59","true","true","251","0","orpheline","SSR","14 types","INDEXABLE_MAIS_A_AMELIORER","","orpheline (0 lien interne entrant)","enrichir avant de pousser","3"
"https://holiswiss.ch/de/blog/categorie/aromatherapie","article","200","https://holiswiss.ch/de/blog/categorie/aromatherapie","0","allowed","","index, follow","https://holiswiss.ch/de/blog/categorie/aromatherapie","true","true","true","Aromatherapie in der Schweiz — Artikel &amp; Ratgeber | Holiswiss","65","true","true","246","0","orpheline","SSR","14 types","INDEXABLE_MAIS_A_AMELIORER","","contenu mince (246 mots) ; orpheline (0 lien interne entrant)","enrichir avant de pousser","3"
"https://holiswiss.ch/it/blog/categorie/aromatherapie","article","200","https://holiswiss.ch/it/blog/categorie/aromatherapie","0","allowed","","index, follow","https://holiswiss.ch/it/blog/categorie/aromatherapie","true","true","true","Aromaterapia in Svizzera — Articoli &amp; guide | Holiswiss","59","true","true","250","0","orpheline","SSR","14 types","INDEXABLE_MAIS_A_AMELIORER","","orpheline (0 lien interne entrant)","enrichir avant de pousser","3"
"https://holiswiss.ch/en/blog/categorie/aromatherapie","article","200","https://holiswiss.ch/en/blog/categorie/aromatherapie","0","allowed","","index, follow","https://holiswiss.ch/en/blog/categorie/aromatherapie","true","true","true","Aromatherapy in Switzerland — Articles &amp; guides | Holiswiss","63","true","true","244","0","orpheline","SSR","14 types","INDEXABLE_MAIS_A_AMELIORER","","contenu mince (244 mots) ; orpheline (0 lien interne entrant)","enrichir avant de pousser","3"
"https://holiswiss.ch/fr/blog/categorie/medecine-traditionnelle-chinoise","article","200","https://holiswiss.ch/fr/blog/categorie/medecine-traditionnelle-chinoise","0","allowed","","index, follow","https://holiswiss.ch/fr/blog/categorie/medecine-traditionnelle-chinoise","true","true","true","Médecine Traditionnelle Chinoise en Suisse — Articles &amp; guides | Holiswiss","78","true","true","249","0","orpheline","SSR","14 types","INDEXABLE_MAIS_A_AMELIORER","","contenu mince (249 mots) ; title 78 car. ; orpheline (0 lien interne entrant)","enrichir avant de pousser","3"
"https://holiswiss.ch/de/blog/categorie/medecine-traditionnelle-chinoise","article","200","https://holiswiss.ch/de/blog/categorie/medecine-traditionnelle-chinoise","0","allowed","","index, follow","https://holiswiss.ch/de/blog/categorie/medecine-traditionnelle-chinoise","true","true","true","Traditionelle Chinesische Medizin in der Schweiz — Artikel &amp; Ratgeber | Holiswiss","85","true","true","241","0","orpheline","SSR","14 types","INDEXABLE_MAIS_A_AMELIORER","","contenu mince (241 mots) ; title 85 car. ; orpheline (0 lien interne entrant)","enrichir avant de pousser","3"
"https://holiswiss.ch/it/blog/categorie/medecine-traditionnelle-chinoise","article","200","https://holiswiss.ch/it/blog/categorie/medecine-traditionnelle-chinoise","0","allowed","","index, follow","https://holiswiss.ch/it/blog/categorie/medecine-traditionnelle-chinoise","true","true","true","Medicina Tradizionale Cinese in Svizzera — Articoli &amp; guide | Holiswiss","75","true","true","247","0","orpheline","SSR","14 types","INDEXABLE_MAIS_A_AMELIORER","","contenu mince (247 mots) ; title 75 car. ; orpheline (0 lien interne entrant)","enrichir avant de pousser","3"
"https://holiswiss.ch/en/blog/categorie/medecine-traditionnelle-chinoise","article","200","https://holiswiss.ch/en/blog/categorie/medecine-traditionnelle-chinoise","0","allowed","","index, follow","https://holiswiss.ch/en/blog/categorie/medecine-traditionnelle-chinoise","true","true","true","Traditional Chinese Medicine in Switzerland — Articles &amp; guides | Holiswiss","79","true","true","237","0","orpheline","SSR","14 types","INDEXABLE_MAIS_A_AMELIORER","","contenu mince (237 mots) ; title 79 car. ; orpheline (0 lien interne entrant)","enrichir avant de pousser","3"
"https://holiswiss.ch/fr/blog/categorie/mindfulness","article","200","https://holiswiss.ch/fr/blog/categorie/mindfulness","0","allowed","","index, follow","https://holiswiss.ch/fr/blog/categorie/mindfulness","true","true","true","Mindfulness en Suisse — Articles &amp; guides | Holiswiss","57","true","true","239","0","orpheline","SSR","14 types","INDEXABLE_MAIS_A_AMELIORER","","contenu mince (239 mots) ; orpheline (0 lien interne entrant)","enrichir avant de pousser","3"
"https://holiswiss.ch/de/blog/categorie/mindfulness","article","200","https://holiswiss.ch/de/blog/categorie/mindfulness","0","allowed","","index, follow","https://holiswiss.ch/de/blog/categorie/mindfulness","true","true","true","Achtsamkeit in der Schweiz — Artikel &amp; Ratgeber | Holiswiss","63","true","true","236","0","orpheline","SSR","14 types","INDEXABLE_MAIS_A_AMELIORER","","contenu mince (236 mots) ; orpheline (0 lien interne entrant)","enrichir avant de pousser","3"
"https://holiswiss.ch/it/blog/categorie/mindfulness","article","200","https://holiswiss.ch/it/blog/categorie/mindfulness","0","allowed","","index, follow","https://holiswiss.ch/it/blog/categorie/mindfulness","true","true","true","Mindfulness in Svizzera — Articoli &amp; guide | Holiswiss","58","true","true","242","0","orpheline","SSR","14 types","INDEXABLE_MAIS_A_AMELIORER","","contenu mince (242 mots) ; orpheline (0 lien interne entrant)","enrichir avant de pousser","3"
"https://holiswiss.ch/en/blog/categorie/mindfulness","article","200","https://holiswiss.ch/en/blog/categorie/mindfulness","0","allowed","","index, follow","https://holiswiss.ch/en/blog/categorie/mindfulness","true","true","true","Mindfulness in Switzerland — Articles &amp; guides | Holiswiss","62","true","true","232","0","orpheline","SSR","14 types","INDEXABLE_MAIS_A_AMELIORER","","contenu mince (232 mots) ; orpheline (0 lien interne entrant)","enrichir avant de pousser","3"
"https://holiswiss.ch/fr/blog/categorie/reflexologie","article","200","https://holiswiss.ch/fr/blog/categorie/reflexologie","0","allowed","","index, follow","https://holiswiss.ch/fr/blog/categorie/reflexologie","true","true","true","Réflexologie en Suisse — Articles &amp; guides | Holiswiss","58","true","true","239","0","orpheline","SSR","14 types","INDEXABLE_MAIS_A_AMELIORER","","contenu mince (239 mots) ; orpheline (0 lien interne entrant)","enrichir avant de pousser","3"
"https://holiswiss.ch/de/blog/categorie/reflexologie","article","200","https://holiswiss.ch/de/blog/categorie/reflexologie","0","allowed","","index, follow","https://holiswiss.ch/de/blog/categorie/reflexologie","true","true","true","Reflexologie in der Schweiz — Artikel &amp; Ratgeber | Holiswiss","64","true","true","236","0","orpheline","SSR","14 types","INDEXABLE_MAIS_A_AMELIORER","","contenu mince (236 mots) ; orpheline (0 lien interne entrant)","enrichir avant de pousser","3"
"https://holiswiss.ch/it/blog/categorie/reflexologie","article","200","https://holiswiss.ch/it/blog/categorie/reflexologie","0","allowed","","index, follow","https://holiswiss.ch/it/blog/categorie/reflexologie","true","true","true","Riflessologia in Svizzera — Articoli &amp; guide | Holiswiss","60","true","true","240","0","orpheline","SSR","14 types","INDEXABLE_MAIS_A_AMELIORER","","contenu mince (240 mots) ; orpheline (0 lien interne entrant)","enrichir avant de pousser","3"
"https://holiswiss.ch/en/blog/categorie/reflexologie","article","200","https://holiswiss.ch/en/blog/categorie/reflexologie","0","allowed","","index, follow","https://holiswiss.ch/en/blog/categorie/reflexologie","true","true","true","Reflexology in Switzerland — Articles &amp; guides | Holiswiss","62","true","true","235","0","orpheline","SSR","14 types","INDEXABLE_MAIS_A_AMELIORER","","contenu mince (235 mots) ; orpheline (0 lien interne entrant)","enrichir avant de pousser","3"